package_name,github_owner,github_repo,commits_90d,commits_365d,commit_velocity_trend,contributors_total,contributors_90d,bus_factor,open_issues,closed_issues_90d,issue_response_time_median,days_since_last_release,release_frequency,release_regularity,weekly_downloads,download_trend,dependent_count,has_readme,has_license,repo_stars,repo_open_prs,days_since_last_commit,label
express,expressjs,express,18,88,0.8182,30,11,68.89,208,1,1.4,42,40.0,69.28,111539804,0.9159,0,1,1,69242,106,7,1
bootstrap,twbs,bootstrap,74,212,1.3962,30,7,47.82,448,1,0.0,301,35.75,24.37,6564754,0.8578,0,1,1,174386,157,0,1
antd,ant-design,ant-design,580,2436,0.9524,30,24,43.41,1329,1,0.0,1,9.0,9.25,3275491,0.9084,0,1,1,98452,123,0,1
koa,koajs,koa,17,44,1.5455,30,7,32.89,35,1,0.0,33,51.25,44.58,7885876,0.9257,0,1,1,35714,17,12,1
fastify,fastify,fastify,66,271,0.9742,30,29,23.25,152,1,0.0,70,9.75,9.5,8526716,0.8943,0,1,1,36573,79,0,1
swiper,nolimits4web,Swiper,24,90,1.0667,30,6,83.7,250,1,0.0,26,25.0,12.39,4522951,0.8705,0,1,1,41859,14,26,1
preact,preactjs,preact,11,116,0.3793,30,5,29.12,152,1,0.0,37,22.0,14.25,24174703,0.8566,0,1,1,38710,90,13,1
socket.io,socketio,socket.io,43,116,1.4828,30,7,55.29,176,1,131.64,181,137.25,168.31,15727136,0.8852,0,1,1,63200,12,6,1
@hapi/hapi,hapijs,hapi,4,17,0.9412,30,1,36.52,58,1,0.0,48,18.75,12.48,1663512,0.8802,0,1,1,14789,11,48,1
svelte,sveltejs,svelte,164,918,0.7146,30,25,54.68,1039,1,0.08,15,2.25,0.43,4727604,0.9644,0,1,1,87374,101,0,1
inferno,infernojs,inferno,6,38,0.6316,30,2,45.65,40,1,674.0,77,26.5,28.05,322647,0.7876,0,1,1,16420,1,30,1
admin-lte,ColorlibHQ,AdminLTE,60,154,1.5584,30,2,30.29,2,1,14.22,12,46.0,36.69,78513,0.855,0,1,1,45472,2,4,1
ant-design-vue,vueComponent,ant-design-vue,0,23,0.0,30,0,75.04,131,1,0.0,589,38.75,37.94,227107,0.8517,0,1,1,21568,19,9999,0
foundation-sites,foundation,foundation-sites,0,0,0.0,30,0,17.09,78,1,185.07,633,264.5,164.92,131421,0.8068,0,1,1,29779,16,9999,0
ng-zorro-antd,NG-ZORRO,ng-zorro-antd,72,354,0.8136,30,10,18.08,802,1,0.0,11,18.0,11.85,171592,0.8703,0,1,1,9153,62,1,1
ccxt,ccxt,ccxt,2147,7515,1.1428,30,8,48.61,1326,1,0.0,7,4.75,4.92,150269,0.6921,0,1,1,43029,509,0,1
egg,eggjs,egg,102,448,0.9107,30,7,22.85,426,1,0.0,0,20.75,35.37,37143,0.771,0,1,1,18993,54,0,1
single-spa,single-spa,single-spa,0,0,0.0,30,0,30.34,63,1,1283.88,274,8.5,11.93,467857,0.9005,0,1,1,13872,5,9999,0
@quasar/extras,quasarframework,quasar,646,857,3.0152,30,5,76.84,675,1,0.0,11,96.25,130.42,276513,0.8308,0,1,1,27182,134,6,1
riot,riot,riot,2,51,0.1569,30,1,67.95,4,1,98.04,44,50.5,42.86,16941,0.5999,0,1,1,14921,1,44,1
rtlcss,MohammadYounes,rtlcss,0,0,0.0,19,0,70.17,26,1,0.2,665,186.75,102.8,2276588,0.8349,0,1,1,1705,3,9999,0
@sailshq/express,strongloop,express,18,88,0.8182,30,11,68.89,208,1,1.4,3400,9999,9999,3176,0.8028,0,1,1,69242,106,7,1
@adonisjs/core,adonisjs,core,20,184,0.4348,30,2,90.25,12,1,0.0,18,16.5,3.91,131753,0.8427,0,1,1,18990,6,18,1
loopback,strongloop,loopback,0,0,0.0,30,0,35.57,18,1,1.53,2035,154.75,117.6,42752,0.8537,0,1,1,13162,1,9999,0
socket.io-client,socketio,socket.io-client,0,0,0.0,30,0,60.99,4,1,276.28,181,161.75,166.93,12813922,0.939,0,1,0,10601,4,9999,0
@middy/core,middyjs,middy,284,790,1.438,30,3,82.42,7,1,0.0,3,8.25,6.18,858223,0.9184,0,1,1,3901,4,3,1
daisyui,saadeghi,daisyui,61,505,0.4832,30,6,92.92,62,1,0.0,6,6.75,7.46,827467,0.8751,0,1,1,41159,6,1,1
hyperapp,jorgebucaran,hyperapp,0,0,0.0,30,0,87.0,14,0,0.07,1550,80.75,37.91,13395,0.8192,0,1,1,19207,3,9999,0
grommet,grommet,grommet,29,144,0.8056,30,11,31.44,423,1,0.0,18,50.5,16.38,36651,0.8861,0,1,1,8353,62,4,1
@tinyhttp/app,tinyhttp,tinyhttp,18,49,1.4694,30,2,28.77,10,1,0.11,68,18.0,27.29,366509,0.8932,0,1,1,2891,4,37,1
strapi,strapi,strapi,487,1241,1.5697,30,25,18.67,568,1,0.0,1309,114.75,76.23,12506,0.9133,0,1,1,72440,255,0,1
@udecode/plate-core,udecode,plate,362,1714,0.8448,30,7,53.33,10,1,0.0,377,8.75,10.18,252797,0.8387,0,1,1,16363,5,6,1
strapi-cli,wistityhq,strapi,487,1241,1.5697,30,25,18.67,568,1,0.0,3644,9999,9999,7,0.8248,0,1,1,72440,255,0,1
hexo,hexojs,hexo,16,51,1.2549,30,7,60.03,98,1,0.0,48,168.25,171.64,49625,0.8723,0,1,1,41768,26,30,1
@sailshq/connect,senchalabs,connect,0,0,0.0,30,0,63.3,13,0,274.32,3400,9999,9999,3171,0.8124,0,1,1,9888,5,9999,0
@benchmarkdigital/bmd-react-bootstrap,react-bootstrap,react-bootstrap,7,30,0.9333,30,4,16.19,220,1,0.0,1573,9999,9999,4,1.9053,0,1,1,22608,69,57,1
directus,directus,directus,203,890,0.9124,30,26,49.41,389,1,0.0,10,3.0,2.74,24529,0.7465,0,1,1,36177,42,3,1
hybrids,hybridsjs,hybrids,5,15,1.3333,19,1,97.33,9,1,1630.61,167,51.25,17.21,7374,1.0738,0,1,1,3176,1,7,1
restify,restify,node-restify,2,2,4.0,30,1,34.31,133,1,0.0,1105,52.0,34.86,88910,0.8772,0,1,1,10686,26,5,0
midway,midwayjs,midway,48,220,0.8727,30,5,54.01,110,1,0.0,1556,37.25,9.09,525,0.5547,0,1,1,7720,3,9,1
@coreui/coreui,coreui,coreui,38,109,1.3945,30,1,48.55,11,1,0.0,9,25.5,24.67,225516,0.8175,0,1,1,876,11,9,1
async,caolan,async,0,13,0.0,30,0,46.44,25,0,0.0,672,237.75,182.87,96728132,0.8912,0,1,1,28149,14,9999,0
classnames,JedWatson,classnames,6,36,0.6667,30,1,33.41,11,1,0.0,906,117.5,202.36,28638513,0.8989,0,1,1,17792,6,4,1
follow-redirects,follow-redirects,follow-redirects,2,9,0.8889,30,1,72.58,17,1,10.44,71,146.0,147.22,110052951,0.8618,0,1,1,582,1,71,1
bytes,visionmedia,bytes.js,0,0,0.0,17,0,74.55,10,0,0.0,1607,442.0,375.15,108457837,0.9093,0,1,1,475,5,9999,0
@sindresorhus/is,sindresorhus,is,12,19,2.5263,30,1,68.24,0,1,12.09,43,59.25,26.8,50519035,0.9395,0,1,1,1783,0,43,1
string.prototype.trimend,es-shims,String.prototype.trimEnd,6,7,3.4286,2,1,93.67,1,1,11.23,17,326.0,130.6,77686182,0.8763,0,1,1,5,0,17,1
string.prototype.trimstart,es-shims,String.prototype.trimStart,0,1,0.0,2,0,92.54,1,0,9.98,823,280.0,98.79,72876268,0.8602,0,1,1,4,0,9999,0
type-fest,sindresorhus,type-fest,33,140,0.9429,30,11,50.55,223,1,0.0,22,29.75,13.65,345695288,0.8993,0,1,1,17235,37,0,1
unist-util-visit,syntax-tree,unist-util-visit,0,8,0.0,14,0,91.71,0,0,1.34,151,395.0,316.73,51614739,0.8205,0,1,1,349,0,9999,0
unist-util-visit-parents,syntax-tree,unist-util-visit-parents,0,5,0.0,4,0,97.16,1,1,297.54,249,248.75,343.25,51478236,0.907,0,1,1,80,0,9999,0
unist-util-is,syntax-tree,unist-util-is,0,6,0.0,6,0,92.48,0,0,0.0,249,386.5,322.53,52170171,0.9004,0,1,1,44,0,9999,0
fb-watchman,facebook,watchman,201,696,1.1552,30,16,47.3,248,1,0.0,1370,515.25,514.29,46043149,0.892,0,1,1,13611,33,0,1
mdast-util-to-hast,syntax-tree,mdast-util-to-hast,0,6,0.0,29,0,89.35,0,0,2.86,211,209.0,194.24,38804273,0.9067,0,1,1,121,0,9999,0
hastscript,syntax-tree,hastscript,0,0,0.0,6,0,96.93,1,0,164.67,489,215.25,112.85,25571948,0.8389,0,1,1,199,1,9999,0
unist-util-stringify-position,syntax-tree,unist-util-stringify-position,0,0,0.0,3,0,96.04,0,0,0.0,1082,202.75,133.95,50249029,0.8148,0,1,1,6,0,9999,0
mdast-util-to-string,syntax-tree,mdast-util-to-string,0,0,0.0,4,0,95.49,0,0,1608.64,1081,201.0,255.13,45470295,0.8776,0,1,1,46,0,9999,0
vfile-message,vfile,vfile-message,0,11,0.0,5,0,94.26,1,0,2901.35,332,224.5,306.63,47233340,0.8919,0,1,1,10,0,9999,0
unist-builder,syntax-tree,unist-builder,0,0,0.0,3,0,86.59,0,0,6345.49,1082,333.25,217.57,3321867,0.8985,0,1,1,82,0,9999,0
escape-goat,sindresorhus,escape-goat,0,0,0.0,9,0,61.29,0,0,19.85,1894,182.0,161.51,12112329,0.889,0,1,1,551,0,9999,0
globby,sindresorhus,globby,2,37,0.2162,30,1,62.4,0,1,20.39,87,44.5,8.9,90182832,0.8218,0,1,1,2642,0,87,1
cli-progress,npkgz,cli-progress,0,0,0.0,16,0,78.57,26,0,0.0,1220,101.25,86.61,9420435,0.9148,0,1,1,1251,9,9999,0
vfile-location,vfile,vfile-location,0,0,0.0,3,0,95.87,0,0,4970.82,708,130.5,120.27,19556333,0.871,0,1,1,14,0,9999,0
hast-to-hyperscript,syntax-tree,hast-to-hyperscript,0,0,0.0,11,0,91.03,0,0,0.0,1049,208.25,204.52,1537950,0.8926,0,1,0,46,0,9999,0
unist-util-remove-position,syntax-tree,unist-util-remove-position,0,0,0.0,4,0,95.15,0,0,678.77,1082,271.25,167.0,13502403,0.8909,0,1,1,12,0,9999,0
unist-util-position,syntax-tree,unist-util-position,0,0,0.0,4,0,97.06,0,0,6.64,1082,195.75,119.92,37995739,0.9322,0,1,1,8,0,9999,0
@cypress/request,cypress-io,request,4,16,1.0,30,2,34.4,20,1,135.09,26,111.75,52.15,7895854,0.9117,0,1,1,14,11,26,1
hast-util-parse-selector,syntax-tree,hast-util-parse-selector,0,0,0.0,3,0,98.1,0,0,28.64,1057,250.25,218.59,25033217,0.8784,0,1,1,13,0,9999,0
hast-util-from-parse5,syntax-tree,hast-util-from-parse5,0,0,0.0,6,0,95.42,0,0,536.04,489,183.0,174.72,18249502,0.9035,0,1,1,17,0,9999,0
mdast-util-definitions,syntax-tree,mdast-util-definitions,0,0,0.0,4,0,95.74,0,0,714.21,1081,200.75,87.42,8829454,0.9113,0,1,1,11,0,9999,0
mdast-util-from-markdown,syntax-tree,mdast-util-from-markdown,3,7,1.7143,5,1,96.47,4,1,0.0,122,248.75,168.66,43305483,0.8748,0,1,1,284,2,19,1
unist-util-remove,syntax-tree,unist-util-remove,0,0,0.0,4,0,85.42,0,0,485.43,1082,205.75,201.11,2893386,0.9603,0,1,1,25,0,9999,0
hast-util-raw,syntax-tree,hast-util-raw,0,0,0.0,5,0,96.63,2,1,3.49,585,110.25,43.62,15372798,0.8689,0,1,1,12,1,9999,0
app-root-path,inxilpro,node-app-root-path,0,0,0.0,4,0,95.7,14,0,0.0,1407,378.0,383.48,5976691,1.1486,0,1,1,605,5,9999,0
hast-util-to-parse5,syntax-tree,hast-util-to-parse5,0,8,0.0,4,0,95.31,0,0,64.09,200,498.75,258.72,15384841,0.8685,0,1,1,2,0,9999,0
mdast-squeeze-paragraphs,syntax-tree,mdast-squeeze-paragraphs,0,0,0.0,5,0,79.38,0,0,0.0,1081,201.0,203.25,898062,0.8867,0,1,1,7,0,9999,0
micromark-util-html-tag-name,micromark,micromark,0,0,0.0,20,0,94.5,14,1,0.0,588,309.0,177.97,40069813,0.784,0,1,1,2188,7,9999,0
@discordjs/collection,discordjs,discord.js,26,289,0.3599,30,12,22.77,158,1,59.25,6,5.25,6.87,1827976,0.8904,0,1,1,26743,63,6,1
@ungap/promise-all-settled,ungap,promise-all-settled,0,0,0.0,1,0,100.0,0,0,6.84,2163,101.0,68.43,1561307,0.8906,0,1,1,15,0,9999,0
escape-html,component,escape-html,0,0,0.0,8,0,69.44,3,0,0.12,3948,276.0,163.44,91956404,0.9061,0,1,1,490,2,9999,0
mdast-util-to-markdown,syntax-tree,mdast-util-to-markdown,0,0,0.0,3,0,99.01,8,1,0.0,596,166.75,190.57,39405390,0.8339,0,1,1,139,4,9999,0
process-warning,fastify,process-warning,5,13,1.5385,18,4,36.54,0,1,0.0,476,113.75,82.27,41903388,0.8408,0,1,1,38,0,6,1
@csstools/postcss-progressive-custom-properties,csstools,postcss-plugins,175,645,1.0853,30,2,56.24,11,1,14.92,41,87.25,35.77,7390699,0.8617,0,1,1,1049,0,1,1
normalize-range,jamestalmage,normalize-range,0,0,0.0,2,0,92.31,1,0,0.0,3936,9999,9999,30797468,0.9437,0,1,1,18,1,9999,0
date-and-time,knowledgecode,date-and-time,31,108,1.1481,8,2,93.59,0,1,0.0,48,26.5,11.1,459623,0.8723,0,1,1,188,0,3,1
meros,maraisr,meros,0,5,0.0,9,0,91.04,0,0,272.01,284,322.75,250.76,7837689,0.9154,0,1,1,203,0,9999,0
prelude-ls,gkz,prelude-ls,1,1,4.0,12,1,81.66,31,0,0.0,2272,548.75,731.14,130807626,0.9029,0,1,1,426,15,39,0
hast-util-whitespace,syntax-tree,hast-util-whitespace,0,0,0.0,3,0,97.7,0,0,0.0,1057,381.25,157.99,36143343,0.8573,0,1,1,4,0,9999,0
meow,sindresorhus,meow,0,10,0.0,30,0,64.25,3,1,0.0,123,197.25,231.74,40038071,0.8926,0,1,1,3710,0,9999,0
utility,node-modules,utility,0,3,0.0,16,0,70.65,0,0,0.0,525,76.25,113.22,394619,0.9073,0,1,1,1240,0,9999,0
mdast-util-find-and-replace,syntax-tree,mdast-util-find-and-replace,0,0,0.0,4,0,94.44,0,0,0.18,536,225.75,147.91,29659503,0.8279,0,1,1,12,0,9999,0
koalas,doowb,koalas,0,0,0.0,2,0,97.62,0,0,318.26,3352,279.5,350.45,1910221,0.9678,0,1,1,9,0,9999,0
array-last,jonschlinkert,array-last,0,0,0.0,4,0,75.86,9,0,599.84,3127,270.75,171.12,1409663,0.9096,0,1,1,33,4,9999,0
rambda,selfrefactor,rambda,3,35,0.3429,30,1,83.03,0,1,50.74,39,43.0,35.81,2930904,0.9087,0,1,1,1755,0,39,1
mdast-util-gfm,syntax-tree,mdast-util-gfm,0,0,0.0,2,0,98.68,0,0,0.63,498,306.0,172.04,29672441,0.8993,0,1,1,23,0,9999,0
mdast-util-gfm-table,syntax-tree,mdast-util-gfm-table,1,1,4.0,3,1,96.2,1,1,8.69,1079,120.0,70.78,29843435,0.826,0,1,1,15,0,19,0
postman-request,postmanlabs,postman-request,0,28,0.0,30,0,29.59,2,0,0.0,158,22.75,16.69,1720574,0.8662,0,1,1,155,2,9999,0
mdast-util-gfm-autolink-literal,syntax-tree,mdast-util-gfm-autolink-literal,1,1,4.0,3,1,97.59,3,1,0.32,673,274.25,182.13,29406325,0.8987,0,1,1,16,1,19,0
mdast-util-gfm-strikethrough,syntax-tree,mdast-util-gfm-strikethrough,1,1,4.0,3,1,96.72,1,1,0.51,1079,186.5,71.07,29808300,0.8251,0,1,1,5,0,19,0
hast-util-to-html,syntax-tree,hast-util-to-html,0,0,0.0,8,0,95.11,2,0,2.78,489,80.25,44.81,15806267,0.912,0,1,1,118,1,9999,0
mdast-util-gfm-task-list-item,syntax-tree,mdast-util-gfm-task-list-item,0,0,0.0,2,0,98.39,2,0,0.09,1079,235.25,76.2,29788393,0.8248,0,1,1,6,1,9999,0
react-merge-refs,gregberge,react-merge-refs,0,0,0.0,9,0,80.0,1,0,14.78,411,146.25,248.14,2275709,0.8405,0,1,1,670,0,9999,0
hast-util-is-element,syntax-tree,hast-util-is-element,0,0,0.0,3,0,98.1,0,0,1210.88,1058,202.5,122.73,12999499,0.8759,0,1,1,12,0,9999,0
unist-util-find-all-after,syntax-tree,unist-util-find-all-after,0,0,0.0,4,0,95.19,0,0,0.19,1082,308.75,197.26,1146799,0.8951,0,1,1,7,0,9999,0
hast-util-to-string,rehypejs,rehype-minify,0,0,0.0,6,0,97.62,1,0,393.2,634,412.0,232.63,5318854,0.9241,0,1,1,101,0,9999,0
hast-util-sanitize,syntax-tree,hast-util-sanitize,0,0,0.0,6,0,95.57,2,0,519.86,606,317.75,196.86,7563514,0.8502,0,1,1,58,0,9999,0
estree-util-visit,syntax-tree,estree-util-visit,0,0,0.0,2,0,97.44,0,0,0.0,1070,220.0,137.47,9219324,0.82,0,1,1,6,0,9999,0
eth-rpc-errors,MetaMask,eth-rpc-errors,0,0,0.0,5,0,85.45,2,0,0.0,1930,55.75,49.37,1015086,0.8347,0,1,1,0,2,9999,0
oas-kit-common,Mermade,oas-kit,0,0,0.0,17,0,90.97,45,0,0.0,2277,124.5,179.96,4279637,0.9059,0,1,1,747,22,9999,0
chromatism,toish,chromatism,0,0,0.0,6,0,51.16,12,0,0.0,3204,29.75,43.59,25177,0.9212,0,1,0,1763,4,9999,0
gh-got,sindresorhus,gh-got,2,4,2.0,15,1,72.15,0,0,1810.65,82,661.5,394.03,729702,0.8112,0,1,1,177,0,82,1
mdast-util-mdx-jsx,syntax-tree,mdast-util-mdx-jsx,0,2,0.0,5,0,96.75,0,0,22.11,526,84.0,69.49,29303493,0.8713,0,1,1,32,0,9999,0
mdast-util-compact,syntax-tree,mdast-util-compact,0,0,0.0,3,0,96.88,0,0,254.67,1082,251.5,172.99,771470,0.82,0,1,1,7,0,9999,0
mdast-util-mdx,syntax-tree,mdast-util-mdx,0,0,0.0,1,0,100.0,1,0,39.03,1077,187.0,119.07,8836339,0.8706,0,1,1,25,0,9999,0
unist-util-position-from-estree,syntax-tree,unist-util-position-from-estree,0,0,0.0,2,0,97.5,0,0,0.0,1082,217.0,182.29,9168142,0.8724,0,1,1,0,0,9999,0
mdast-util-mdxjs-esm,syntax-tree,mdast-util-mdxjs-esm,0,0,0.0,2,0,97.3,0,0,0.0,1050,97.75,79.05,28551393,0.873,0,1,1,7,0,9999,0
@xsahxl/got,sindresorhus,got,22,123,0.7154,30,2,39.23,0,1,3.51,1582,9999,9999,1,3.6952,0,1,1,14914,0,1,1
mdast-util-mdx-expression,syntax-tree,mdast-util-mdx-expression,0,1,0.0,2,0,98.82,0,0,34.47,648,195.0,139.08,28663179,0.8751,0,1,1,5,0,9999,0
mdast-util-frontmatter,syntax-tree,mdast-util-frontmatter,0,0,0.0,1,0,100.0,0,0,7.89,1013,272.0,194.73,5561117,0.8646,0,1,1,19,0,9999,0
mdast-util-gfm-footnote,syntax-tree,mdast-util-gfm-footnote,1,1,4.0,2,1,97.83,0,1,0.0,498,306.25,183.09,27601488,0.8975,0,1,1,5,0,19,0
cint,raineorshine,cint,0,0,0.0,3,0,96.54,1,0,0.0,1971,543.5,804.51,54301,0.814,0,1,0,12,0,9999,0
nanopop,Simonwep,nanopop,0,0,0.0,7,0,88.64,3,0,17.26,879,127.0,124.49,339745,0.8669,0,1,1,719,0,9999,0
commander,tj,commander.js,7,76,0.3684,30,2,43.33,10,1,0.0,25,64.5,33.42,450120637,0.8844,0,1,1,28283,6,25,1
argparse,nodeca,argparse,0,0,0.0,18,0,58.95,9,1,7973.16,2124,357.0,378.59,235211579,0.8997,0,1,1,508,2,9999,0
ora,sindresorhus,ora,7,24,1.1667,30,3,76.47,0,1,7.28,1,37.75,31.59,79478861,0.8634,0,1,1,9714,0,0,1
uglify-js,mishoo,UglifyJS,0,0,0.0,30,0,73.07,45,0,0.0,663,19.75,10.43,44772867,0.9035,0,1,1,13390,14,9999,0
picocolors,alexeyraspopov,picocolors,0,0,0.0,12,0,64.04,14,1,0.0,614,276.25,386.73,200753052,0.8934,0,1,1,1726,6,9999,0
ansi-styles,chalk,ansi-styles,0,3,0.0,19,0,63.64,0,0,6.5,288,273.25,454.98,683714490,0.8736,0,1,1,461,0,9999,0
supports-color,chalk,supports-color,0,6,0.0,30,0,69.73,3,1,543.31,288,65.75,94.0,463344275,0.8988,0,1,1,370,0,9999,0
yargs,yargs,yargs,3,7,1.7143,30,1,46.44,312,1,0.0,4,96.5,163.68,221936797,0.866,0,1,1,11496,28,4,1
kleur,lukeed,kleur,0,0,0.0,16,0,86.4,13,1,5876.98,1457,168.5,206.3,81008870,0.8717,0,1,1,1697,5,9999,0
ansi-colors,doowb,ansi-colors,0,0,0.0,11,0,50.82,19,0,0.0,1499,265.25,451.37,53760739,0.8845,0,1,1,454,6,9999,0
string-width,sindresorhus,string-width,2,13,0.6154,14,1,73.08,1,1,85.45,57,61.5,54.91,525524193,0.8622,0,1,1,528,0,57,1
webpack-cli,webpack,webpack-cli,50,220,0.9091,30,4,29.96,9,1,0.0,26,130.5,185.49,12074738,0.9043,0,1,1,2604,5,1,1
@commitlint/cli,conventional-changelog,commitlint,158,319,1.9812,30,7,57.77,85,1,0.0,0,13.25,8.04,8715253,0.8867,0,1,1,18620,5,0,1
log-symbols,sindresorhus,log-symbols,0,0,0.0,13,0,63.83,1,0,0.0,398,373.25,182.85,90140203,0.8864,0,1,1,769,0,9999,0
has-flag,sindresorhus,has-flag,0,0,0.0,7,0,72.73,0,0,0.58,1799,480.75,244.89,298667418,0.8384,0,1,1,96,0,9999,0
wrap-ansi,chalk,wrap-ansi,0,8,0.0,10,0,69.33,2,0,0.38,123,280.5,250.93,444070878,0.8752,0,1,1,138,1,9999,0
figures,sindresorhus,figures,0,0,0.0,11,0,49.22,0,0,97.23,840,177.25,164.22,69181832,0.9001,0,1,1,629,0,9999,0
boxen,sindresorhus,boxen,0,1,0.0,23,0,61.42,8,0,0.0,687,129.75,142.5,26491465,0.8972,0,1,1,1667,3,9999,0
npm-run-path,sindresorhus,npm-run-path,0,0,0.0,7,0,60.47,0,0,0.0,666,263.5,244.31,128779209,0.8147,0,1,1,109,0,9999,0
log-update,sindresorhus,log-update,3,16,0.75,14,1,77.78,0,1,19.2,79,48.0,20.63,43326669,0.8989,0,1,1,1157,0,79,1
html-minifier-terser,terser,html-minifier-terser,2,21,0.381,30,1,34.18,38,1,0.0,1169,99.0,26.39,19131296,0.9035,0,1,1,471,9,86,1
cliui,yargs,cliui,0,2,0.0,14,0,32.5,25,0,0.0,463,396.75,403.44,208907205,0.9089,0,1,1,395,12,9999,0
slice-ansi,chalk,slice-ansi,3,8,1.5,11,1,72.13,0,1,15.26,80,221.5,269.96,111579395,0.8742,0,1,1,51,0,80,1
cli-cursor,sindresorhus,cli-cursor,0,0,0.0,5,0,86.21,0,1,0.0,697,688.25,375.79,106930323,0.8895,0,1,1,114,0,9999,0
yn,sindresorhus,yn,0,3,0.0,10,0,65.85,0,0,2.1,305,582.0,551.22,42500618,0.8884,0,1,1,275,0,9999,0
listr2,cenk1cenk2,listr2,71,352,0.8068,30,1,73.79,11,1,157.58,112,8.5,10.92,42926238,0.9303,0,1,1,671,5,21,1
ansi-align,nexdrew,ansi-align,0,0,0.0,3,0,42.22,15,0,0.0,1730,493.5,359.33,22219209,0.8582,0,1,1,24,13,9999,0
supports-hyperlinks,jamestalmage,supports-hyperlinks,0,0,0.0,9,0,54.55,6,0,0.0,4,70.5,70.77,34052476,0.9017,0,1,1,55,0,9999,0
inquirer,SBoudrias,Inquirer.js,124,380,1.3053,30,4,72.79,15,1,0.0,22,10.25,8.1,47272538,0.9513,0,1,1,21586,6,3,1
prompts,terkelg,prompts,0,0,0.0,30,0,61.95,152,1,0.0,1719,149.75,71.88,51522812,0.9223,0,1,1,9291,37,9999,0
import-local,sindresorhus,import-local,0,0,0.0,8,0,73.33,2,0,0.98,701,460.0,408.37,48059063,0.8543,0,1,1,154,0,9999,0
cli-truncate,sindresorhus,cli-truncate,4,13,1.2308,9,2,80.49,0,1,20.29,0,70.0,38.62,50207374,0.9045,0,1,1,93,0,0,1
fast-xml-parser,NaturalIntelligence,fast-xml-parser,72,132,2.1818,30,4,90.14,20,1,0.0,4,9.5,14.17,90339845,0.8822,0,1,1,3100,10,4,1
ansi-regex,chalk,ansi-regex,0,7,0.0,13,0,66.67,0,1,11.72,288,315.0,362.32,555755572,0.8629,0,1,1,201,0,9999,0
yargs-parser,yargs,yargs-parser,0,4,0.0,30,0,18.18,63,1,274.82,392,321.5,410.01,224059470,0.8776,0,1,1,517,16,9999,0
mri,lukeed,mri,0,0,0.0,4,0,96.3,9,1,0.0,1744,248.75,195.96,18956475,0.8638,0,1,1,674,2,9999,0
enquirer,enquirer,enquirer,0,0,0.0,30,0,61.75,208,0,0.0,1061,322.25,461.27,30437133,0.9262,0,1,1,7944,38,9999,0
@nrwl/react,nrwl,nx,682,2738,0.9963,30,15,14.78,505,1,0.0,398,44.5,71.35,251601,0.859,0,1,1,29002,151,0,1
nodemon,remy,nodemon,14,52,1.0769,30,2,91.13,12,1,0.0,122,75.75,83.45,13102169,0.9002,0,1,1,26684,9,4,1
cli-boxes,sindresorhus,cli-boxes,0,0,0.0,9,0,65.22,1,0,5.84,687,480.25,442.0,27709580,0.8577,0,1,1,110,0,9999,0
sade,lukeed,sade,0,0,0.0,6,0,95.58,15,0,0.0,1628,172.75,187.78,8309249,0.9417,0,1,1,1078,3,9999,0
prisma,prisma,prisma,31,635,0.1953,30,14,22.25,2621,1,0.0,15,1.0,1.73,13842285,0.8798,0,1,1,46368,175,15,1
dargs,sindresorhus,dargs,0,0,0.0,14,0,74.63,0,0,20.39,1819,282.25,252.63,10299821,0.8489,0,1,1,187,0,9999,0
pm2,Unitech,pm2,41,97,1.6907,30,1,70.95,1084,1,1.57,52,55.0,63.9,3385226,0.8852,0,1,1,43219,73,52,1
cli-table3,cli-table,cli-table3,1,1,4.0,22,1,33.5,26,1,0.0,771,213.0,200.38,30534789,0.9209,0,1,1,626,13,64,0
ava,avajs,ava,15,29,2.069,30,4,51.12,61,1,0.0,36,85.75,84.38,658654,0.8362,0,1,1,20846,7,36,1
widest-line,sindresorhus,widest-line,0,2,0.0,5,0,76.92,0,0,0.12,150,622.0,260.78,32572389,0.8161,0,1,1,40,0,9999,0
@wdio/cli,webdriverio,webdriverio,76,361,0.8421,30,26,51.56,319,1,0.0,4,21.5,11.28,1308630,0.9279,0,1,1,9797,79,1,1
promptly,moxystudio,node-promptly,0,0,0.0,11,0,84.75,0,0,223.19,2055,256.25,426.09,1540562,0.8524,0,1,1,153,0,9999,0
yeoman-generator,yeoman,generator,38,134,1.1343,30,3,29.84,5,1,0.0,55,12.0,19.65,1379170,0.975,0,1,1,1263,2,17,1
@svgr/cli,gregberge,svgr,0,2,0.0,30,0,88.5,144,1,0.0,1043,72.25,55.14,856993,0.8987,0,1,1,11043,23,9999,0
@vue/babel-preset-app,vuejs,vue-cli,0,2,0.0,30,0,48.3,1071,1,29.17,306,290.25,491.19,594484,0.9261,0,1,1,29573,134,9999,0
command-line-args,75lb,command-line-args,0,2,0.0,10,0,96.74,7,0,750.14,92,424.0,306.39,6989764,0.903,0,1,1,719,0,9999,0
firebase-tools,firebase,firebase-tools,252,922,1.0933,30,27,14.47,971,1,4.24,0,4.25,2.38,2140593,0.8751,0,1,1,4431,504,0,1
jake,jakejs,jake,10,17,2.3529,30,1,81.67,76,1,551.28,28,73.5,78.07,27755706,0.9105,0,1,1,1974,15,28,1
@npmcli/node-gyp,npm,node-gyp,9,21,1.7143,13,4,44.9,2,1,0.0,45,373.0,211.16,12311635,0.8888,0,1,1,8,0,5,1
remark-cli,remarkjs,remark,0,3,0.0,30,0,68.47,9,1,6.11,784,249.75,124.2,314138,0.7796,0,1,1,8916,8,9999,0
postcss-cli,postcss,postcss-cli,0,8,0.0,30,0,40.33,18,1,0.0,467,296.5,125.44,1362967,0.9046,0,1,1,856,12,9999,0
consola,nuxt,consola,0,2,0.0,30,0,71.1,82,1,0.0,462,20.0,25.34,49146220,0.8964,0,1,1,7289,43,9999,0
@formatjs/cli,formatjs,formatjs,497,1142,1.7408,30,3,53.75,17,1,0.0,11,1.0,1.73,1122796,0.9185,0,1,0,14723,14,7,1
direction,wooorm,direction,0,0,0.0,2,0,95.93,0,0,64.89,1689,321.25,77.24,4951834,0.915,0,1,1,45,0,9999,0
getopts,jorgebucaran,getopts,0,3,0.0,7,0,91.01,5,1,1555.72,1953,212.25,226.29,4109911,0.8598,0,1,1,636,0,9999,0
@angular-builders/custom-webpack,just-jeb,angular-builders,204,419,1.9475,30,2,52.48,3,1,0.0,0,3.0,5.2,411248,0.8635,0,1,1,1163,2,0,1
xterm,xtermjs,xterm.js,355,1205,1.1784,30,7,68.06,181,1,0.0,966,2.5,4.33,506945,0.9327,0,1,1,20798,37,10,1
restore-cursor,sindresorhus,restore-cursor,0,0,0.0,6,0,78.26,0,0,1.32,697,481.5,343.38,106908736,0.8897,0,1,1,41,0,9999,0
elegant-spinner,sindresorhus,elegant-spinner,0,0,0.0,4,0,78.57,0,0,0.0,1750,9999,9999,2537086,0.8209,0,1,1,227,0,9999,0
hyperlinker,jamestalmage,hyperlinker,0,0,0.0,1,0,100.0,1,0,0.0,3129,9999,9999,3604063,0.858,0,1,1,89,1,9999,0
yeoman-environment,yeoman,environment,40,151,1.0596,30,3,34.86,2,1,0.0,55,32.25,11.61,1552356,0.9563,0,1,1,132,1,0,1
cors,expressjs,cors,1,13,0.3077,30,1,44.97,44,1,0.0,152,804.75,1071.56,62388032,0.9234,0,1,1,6194,27,77,1
redux-thunk,reduxjs,redux-thunk,0,0,0.0,30,0,33.5,2,0,3.65,932,24.5,33.35,24757951,0.9141,0,1,1,17694,1,9999,0
trough,wooorm,trough,0,0,0.0,3,0,95.12,0,0,121.22,869,249.5,281.18,38790798,0.8768,0,1,1,69,0,9999,0
serve-favicon,expressjs,serve-favicon,0,7,0.0,13,0,82.7,8,0,0.0,378,736.25,1094.46,2512929,0.914,0,1,1,626,8,9999,0
@aws-sdk/util-middleware,aws,aws-sdk-js-v3,1120,3662,1.2234,30,2,39.81,183,1,16.0,1068,10.5,6.8,1409449,0.9211,0,1,1,3635,63,0,1
http-proxy-middleware,chimurai,http-proxy-middleware,91,117,3.1111,30,8,94.05,22,1,68.93,3,3.0,3.32,27708705,0.8718,0,1,1,11132,2,4,1
cookie-parser,expressjs,cookie-parser,0,5,0.0,21,0,87.18,31,1,0.0,622,763.75,272.13,10033396,0.8916,0,1,1,2026,17,9999,0
koa-compose,koajs,compose,0,0,0.0,19,0,47.59,11,1,0.0,2111,353.5,316.45,7380825,0.9284,0,1,1,1020,7,9999,0
express-rate-limit,nfriedly,express-rate-limit,30,138,0.8696,30,5,50.35,10,1,0.0,40,4.75,3.9,47733157,0.8749,0,1,1,3265,5,0,1
request-ip,pbojinov,request-ip,0,0,0.0,25,0,75.84,30,1,88.45,1447,1.25,2.17,2753288,0.8976,0,1,1,865,15,9999,0
grant,simov,grant,0,0,0.0,30,0,96.4,43,0,0.0,503,276.25,204.1,384602,0.8577,0,1,1,4174,3,9999,0
koa-convert,gyson,koa-convert,0,0,0.0,4,0,90.62,3,0,29.01,2111,448.75,756.5,3616934,0.8636,0,1,1,251,1,9999,0
redux-saga,redux-saga,redux-saga,10,17,2.3529,30,3,42.99,35,1,0.0,33,52.75,84.58,1543269,0.9546,0,1,1,22443,12,33,1
multer,expressjs,multer,7,31,0.9032,30,3,36.57,264,1,0.0,8,83.0,91.51,18516841,0.9057,0,1,1,12057,84,8,1
express-fileupload,richardgirges,express-fileupload,0,4,0.0,30,0,60.0,24,0,9.48,353,152.75,124.41,536159,0.8802,0,1,1,1561,5,9999,0
webpack-hot-middleware,webpack-contrib,webpack-hot-middleware,0,9,0.0,30,0,63.08,82,0,0.0,872,134.0,73.99,6596806,0.9243,0,1,1,2383,14,9999,0
jayson,tedeh,jayson,0,3,0.0,17,0,91.4,1,0,153.36,183,133.0,74.22,1943841,0.9032,0,1,1,727,0,9999,0
morgan,expressjs,morgan,4,19,0.8421,27,2,87.31,37,1,0.0,20,792.0,671.33,12449055,0.8814,0,1,1,8181,22,20,1
redux-promise-middleware,pburtchaell,redux-promise-middleware,0,2,0.0,30,0,53.33,0,0,405.47,908,444.0,376.97,107235,0.9221,0,1,1,1973,0,9999,0
popsicle,serviejs,popsicle,0,0,0.0,12,0,90.24,7,0,1002.37,945,369.25,461.57,285939,0.9599,0,1,1,245,0,9999,0
graphql-middleware,maticzav,graphql-middleware,0,0,0.0,24,0,35.54,43,0,0.0,1081,93.25,71.27,345115,0.982,0,1,1,1144,22,9999,0
cookie-session,expressjs,cookie-session,0,8,0.0,20,0,92.52,17,1,0.0,340,504.25,293.05,516460,0.8941,0,1,1,1148,12,9999,0
express-openapi-validator,cdimascio,express-openapi-validator,2,63,0.127,30,2,69.84,243,1,0.0,154,55.25,47.96,600858,0.8954,0,1,1,1002,80,25,1
corser,agrueneberg,Corser,0,0,0.0,4,0,98.04,2,0,468.59,3597,367.0,345.57,6212186,0.9266,0,1,1,94,0,9999,0
koa-favicon,koajs,favicon,0,0,0.0,11,0,44.74,2,0,0.0,2308,495.0,298.51,245223,0.8632,0,1,0,105,1,9999,0
express-basic-auth,LionC,express-basic-auth,0,0,0.0,1,0,100.0,17,0,136.87,1654,331.5,372.06,1035195,0.8658,0,1,0,334,6,9999,0
@gatsbyjs/webpack-hot-middleware,gatsbyjs,webpack-hot-middleware,0,0,0.0,30,0,73.1,2,0,0.0,1313,9999,9999,215887,0.9556,0,1,1,3,2,9999,0
koa-jwt,koajs,jwt,0,0,0.0,30,0,38.08,7,0,0.0,1262,318.75,104.4,82688,0.92,0,1,1,1349,3,9999,0
altair-express-middleware,altair-graphql,altair,38,289,0.526,30,3,92.01,169,1,0.0,16,0.0,0.0,31015,1.0375,0,1,1,5412,137,16,1
next-connect,hoangvvo,next-connect,0,0,0.0,12,0,69.61,43,0,193.95,1146,75.25,121.28,171356,0.7151,0,1,1,1655,6,9999,0
express-validation,andrewkeig,express-validation,0,0,0.0,21,0,50.87,12,0,0.0,735,200.0,336.62,68684,1.0906,0,1,1,393,9,9999,0
celebrate,arb,celebrate,15,15,4.0,24,1,85.79,2,1,0.0,49,467.75,325.73,81207,0.9303,0,1,1,1350,1,49,1
koa-etag,koajs,etag,0,4,0.0,12,0,32.88,5,0,0.0,382,846.25,644.82,376716,0.8741,0,1,1,115,5,9999,0
graphql-upload,jaydenseric,graphql-upload,0,0,0.0,9,0,81.86,4,0,40.93,623,207.75,322.99,554859,0.9051,0,1,1,1439,0,9999,0
@rest-hooks/core,coinbase,rest-hooks,175,578,1.2111,30,4,58.25,15,1,0.0,1033,12.75,14.53,3701,0.761,0,1,1,2031,12,0,1
@commercetools/sdk-middleware-auth,commercetools,nodejs,0,6,0.0,30,0,18.03,66,1,0.0,424,292.0,372.19,56735,0.942,0,1,1,77,15,9999,0
redux-observable,redux-observable,redux-observable,0,4,0.0,30,0,61.52,55,0,0.0,196,417.75,401.08,329679,1.0081,0,1,1,7815,4,9999,0
redux-loop,redux-loop,redux-loop,0,0,0.0,30,0,53.42,11,0,0.0,1686,180.25,107.31,29779,1.0931,0,1,1,1952,1,9999,0
ware,segmentio,ware,0,0,0.0,10,0,55.56,5,0,131.08,4071,61.25,90.33,235653,0.9001,0,1,0,254,1,9999,0
redux-logger,theaqua,redux-logger,0,0,0.0,30,0,26.47,58,0,0.0,2642,170.25,294.88,1123350,0.9079,0,1,1,5720,16,9999,0
@marblejs/middleware-cors,marblejs,marble,0,0,0.0,19,0,89.61,6,0,1184.61,1205,125.25,161.05,268,0.9057,0,1,1,2148,1,9999,0
itty-router,kwhitley,itty-router,2,19,0.4211,29,1,88.81,13,1,2.07,15,78.75,78.92,293784,0.8639,0,1,1,2034,2,15,1
koa-static,koajs,static,0,0,0.0,20,0,41.03,13,0,0.0,2841,107.0,55.27,1491412,0.9116,0,1,1,1146,7,9999,0
webpack-hmr-server,pan-alexey,webpack-hmr-server,0,0,0.0,1,0,100.0,0,0,0.0,1445,9.75,16.89,28,2.2105,0,1,1,1,0,9999,0
koa-ratelimit,koajs,ratelimit,0,0,0.0,23,0,20.0,1,1,5390.39,382,502.75,236.2,44343,0.9047,0,1,1,494,0,9999,0
koa-onerror,koajs,onerror,0,0,0.0,5,0,74.63,4,0,0.0,506,589.5,592.93,43166,0.8238,0,1,1,141,1,9999,0
express-jwt-permissions,MichielDeMey,express-jwt-permissions,0,0,0.0,13,0,51.75,9,0,0.0,1364,243.0,203.67,25632,0.9356,0,1,1,521,5,9999,0
request-stats,watson,request-stats,0,0,0.0,3,0,90.11,3,0,551.82,3340,248.25,342.05,161209,0.9105,0,1,1,77,1,9999,0
graphql-rate-limit-directive,ravangen,graphql-rate-limit,0,0,0.0,6,0,51.22,15,1,0.0,566,253.25,60.88,36772,1.3772,0,1,1,318,11,9999,0
express-gateway,expressgateway,express-gateway,0,0,0.0,30,0,71.78,78,0,0.0,1881,163.75,203.77,872,1.5144,0,1,1,3035,13,9999,0
mime-db,jshttp,mime-db,1,32,0.125,30,1,88.44,47,1,0.0,462,319.5,326.84,232703482,0.8943,0,1,1,1245,23,2,1
levelup,Level,levelup,0,0,0.0,30,0,44.47,0,0,5.7,1725,134.25,142.63,990950,0.8825,0,1,1,4072,0,9999,0
lowdb,typicode,lowdb,1,2,2.0,30,1,90.84,15,0,0.0,909,60.25,66.86,3303337,0.9892,0,1,1,22558,2,87,0
firebase,firebase,firebase-js-sdk,114,309,1.4757,30,18,18.94,718,1,0.0,6,0.0,0.0,8502264,0.8821,0,1,1,5125,270,6,1
redis-parser,NodeRedis,node-redis-parser,0,0,0.0,6,0,57.63,9,0,21.28,3315,29.5,19.91,20392131,0.8836,0,1,1,87,4,9999,0
@react-native-firebase/app,invertase,react-native-firebase,147,446,1.3184,30,12,47.0,81,1,9.7,0,25.25,23.56,1285034,0.9459,0,1,1,12294,18,0,1
pg,brianc,node-postgres,36,101,1.4257,30,17,78.67,504,1,0.0,4,34.25,24.59,34508541,0.8723,0,1,1,13166,54,0,1
firebase-admin,firebase,firebase-admin-node,61,110,2.2182,30,10,45.56,226,1,0.0,14,25.25,12.42,7331453,0.8706,0,1,1,1731,30,0,1
knex,knex,knex,56,124,1.8065,30,17,42.99,715,1,0.0,52,9.0,11.0,4573159,0.8795,0,1,1,20313,145,10,1
level,Level,level,0,4,0.0,20,0,42.38,10,1,0.0,428,323.75,211.19,422338,0.8819,0,1,1,1675,4,9999,0
mssql,tediousjs,node-mssql,97,191,2.0314,30,3,48.13,22,1,0.0,0,11.75,8.29,2689582,0.8891,0,1,1,2274,0,0,1
lmdb,DoctorEvidence,lmdb-js,15,53,1.1321,30,2,85.02,79,1,0.0,5,23.0,13.3,5884427,0.8717,0,1,1,660,2,5,1
umzug,sequelize,umzug,7,12,2.3333,30,2,26.05,28,1,0.0,52,201.75,222.46,2019645,0.9035,0,1,1,2195,15,14,1
dynamoose,dynamoose,dynamoose,8,49,0.6531,30,3,79.48,125,1,26.68,48,142.25,80.43,221429,0.8836,0,1,1,2248,22,2,1
level-packager,Level,packager,0,0,0.0,10,0,39.64,0,0,0.0,1725,188.0,190.27,372684,0.8893,0,1,1,20,0,9999,0
mongoose-browser,Automattic,mongoose,395,1973,0.8008,30,6,65.85,170,1,98.85,2871,9999,9999,74,0.5056,0,1,1,27478,3,0,1
postgres,porsager,postgres,3,11,1.0909,30,2,85.64,262,1,0.03,79,131.25,92.61,10708926,0.9,0,1,1,8667,40,79,1
level-supports,Level,supports,0,2,0.0,3,0,82.05,1,0,0.0,542,194.25,196.78,976002,0.9351,0,1,1,5,1,9999,0
oracledb,oracle,node-oracledb,46,127,1.4488,6,1,73.74,23,1,1008.07,22,118.25,77.59,687221,0.9268,0,1,1,2357,1,21,1
node-pg-migrate,salsita,node-pg-migrate,51,169,1.2071,30,6,35.75,55,1,0.0,15,36.0,21.79,373574,0.9273,0,1,1,1470,16,1,1
sqlite,kriasoft,node-sqlite,0,0,0.0,30,0,59.33,7,0,62.49,964,45.75,42.54,230774,1.0042,0,1,1,933,4,9999,0
level-mem,Level,mem,0,0,0.0,8,0,46.27,0,0,0.0,1725,228.5,309.74,103380,0.8094,0,1,1,24,0,9999,0
better-sqlite3,WiseLibs,better-sqlite3,17,69,0.9855,30,5,85.05,95,1,0.2,7,22.75,12.62,8050832,0.8432,0,1,1,7311,20,7,1
tedious,tediousjs,tedious,10,30,1.3333,30,2,57.34,229,1,0.0,1,54.0,48.37,4160606,0.8906,0,1,1,1615,55,1,1
@foal/typeorm,FoalTS,foal,1,173,0.0231,30,1,82.08,25,1,0.0,127,24.0,18.21,639,1.162,0,1,1,1936,7,18,1
cassandra-driver,datastax,nodejs-driver,15,18,3.3333,30,3,75.41,9,1,0.0,47,240.75,239.39,284712,0.907,0,1,1,1270,8,7,1
@hapi/mimos,hapijs,mimos,0,0,0.0,11,0,36.0,3,0,0.1,1227,318.5,129.28,1591994,0.8266,0,1,1,20,3,9999,0
node-json-db,Belphemur,node-json-db,57,355,0.6423,30,2,40.82,10,1,0.0,105,35.25,38.29,20818,0.8235,0,1,1,828,0,1,1
@rikishi/watermelondb,Nozbe,WatermelonDB,0,8,0.0,30,0,74.9,303,1,0.0,1673,31.0,43.92,54,0.633,0,1,1,11732,31,9999,0
fortune,fortunejs,fortune,0,0,0.0,24,0,94.75,15,0,0.0,853,479.0,453.39,2795,0.6666,0,1,1,1451,1,9999,0
total.js,totaljs,framework,0,0,0.0,30,0,97.89,3,0,47.54,1688,20.5,18.09,1109,0.9861,0,1,1,4365,0,9999,0
warehouse,hexojs,warehouse,0,0,0.0,18,0,59.51,14,0,0.0,522,251.75,149.32,29039,0.9183,0,1,1,205,8,9999,0
vuexfire,vuejs,vuefire,7,15,1.8667,30,2,73.22,45,1,27.09,2024,85.0,39.83,2045,1.0556,0,1,1,3909,19,69,1
dexie,dfahlander,Dexie.js,53,246,0.8618,30,3,89.37,593,1,0.06,7,15.0,16.9,1719596,0.918,0,1,1,14446,14,7,1
promise-mysql,lukeb-uk,node-promise-mysql,0,0,0.0,23,0,46.98,4,0,26.78,1515,116.75,57.49,52499,0.8614,0,1,1,335,2,9999,0
faunadb,fauna,faunadb-js,0,0,0.0,30,0,22.12,27,0,0.0,551,202.0,236.54,16901,1.0106,0,1,1,690,7,9999,0
egg-redis,eggjs,egg-redis,0,0,0.0,15,0,32.56,4,0,2449.6,520,524.0,545.76,7290,1.0495,0,1,1,267,0,9999,0
mongo-seeding-cli,pkosiec,mongo-seeding,0,0,0.0,6,0,97.79,5,0,0.0,424,142.0,98.31,2386,0.8222,0,1,1,561,0,9999,0
websql,nolanlawson,node-websql,0,0,0.0,7,0,76.6,8,1,0.0,1753,300.25,428.04,15215,0.8177,0,1,1,89,4,9999,0
react-native-mmkv-storage,ammarahm-ed,react-native-mmkv-storage,0,18,0.0,30,0,89.42,46,0,0.0,201,98.5,120.43,25509,0.8364,0,1,1,1752,4,9999,0
@truffle/db,trufflesuite,truffle,0,0,0.0,30,0,24.54,527,0,0.0,1013,15.0,7.65,14947,0.7381,0,1,1,13929,19,9999,0
@jonstuebe/mssql,patriksimek,node-mssql,97,191,2.0314,30,3,48.13,22,1,0.0,2991,9999,9999,8,1.3568,0,1,1,2274,0,0,1
egg-mysql,eggjs,egg-mysql,0,0,0.0,13,0,34.69,0,0,3531.3,472,202.5,307.0,4469,0.9723,0,1,1,331,0,9999,0
@koishijs/plugin-database-mysql,koishijs,koishi,0,16,0.0,30,0,93.32,106,1,480.61,177,142.75,187.28,137,0.7586,0,1,1,5604,9,9999,0
thunk-redis,thunks,thunk-redis,0,0,0.0,2,0,99.39,4,0,27.23,2715,23.5,28.58,485,0.6338,0,1,1,209,0,9999,0
quick.db,TrueXPixels,quick.db,0,0,0.0,30,0,39.75,5,0,0.0,1078,25.25,34.69,4970,1.004,0,1,1,332,4,9999,0
aerospike,aerospike,aerospike-client-nodejs,20,30,2.6667,30,3,42.65,38,1,0.0,27,39.0,9.54,18685,1.1477,0,1,1,207,37,30,1
lmdb-store,DoctorEvidence,lmdb-store,15,53,1.1321,30,2,85.02,79,1,0.0,1427,65.75,106.51,5638,2.1866,0,1,1,660,2,5,1
common-errors,shutterstock,node-common-errors,0,0,0.0,7,0,84.81,4,0,0.0,2154,272.5,417.27,7457,1.0184,0,1,1,283,2,9999,0
better-sqlite3-sqlcipher,JoshuaWise,better-sqlite3,17,69,0.9855,30,5,85.05,95,1,0.2,2212,9999,9999,68,0.5332,0,1,1,7311,20,7,1
rxfire,firebaseextended,rxfire,0,0,0.0,30,0,21.17,55,1,0.0,557,117.0,136.34,195083,0.941,0,1,1,149,34,9999,0
pg-mem,oguimbal,pg-mem,0,17,0.0,30,0,89.56,197,0,0.02,117,4.75,3.11,363900,0.9227,0,1,1,2341,7,9999,0
ts-jest,kulshekhar,ts-jest,113,415,1.0892,30,9,21.86,82,1,0.0,33,12.25,20.08,26442059,0.8999,0,1,1,7077,12,0,1
@testing-library/react,testing-library,react-testing-library,1,10,0.4,30,1,27.62,81,1,0.0,155,101.75,90.47,45300730,0.8984,0,1,1,19605,18,82,1
axe-core,dequelabs,axe-core,101,217,1.8618,30,19,28.83,453,1,0.0,4,1.25,1.3,53831250,0.8715,0,1,1,7258,19,4,1
@testing-library/user-event,testing-library,user-event,0,3,0.0,30,0,39.1,120,1,5299.71,517,123.25,155.54,38794832,0.9138,0,1,1,2309,23,9999,0
jest,facebook,jest,119,243,1.9588,30,26,38.31,233,1,0.0,45,55.0,66.16,46387515,0.9133,0,1,1,45459,65,0,1
@testing-library/react-hooks,testing-library,react-hooks-testing-library,0,0,0.0,30,0,52.39,44,1,396.4,1466,87.75,68.64,2646259,0.9362,0,1,1,5266,15,9999,0
@testing-library/dom,testing-library,dom-testing-library,0,2,0.0,30,0,34.72,129,1,16.66,331,97.0,157.64,55296409,0.8838,0,1,1,3328,38,9999,0
chai,chaijs,chai,28,98,1.1429,30,5,38.7,89,1,0.0,182,30.0,17.62,85208582,0.8838,0,1,1,8264,5,1,1
sinon,sinonjs,sinon,40,66,2.4242,30,11,31.61,49,1,0.0,48,12.25,11.76,10882924,0.9655,0,1,1,9753,8,7,1
mocha,mochajs,mocha,129,316,1.6329,30,16,35.16,257,1,0.0,2,7.75,5.36,14369384,0.8976,0,1,1,22967,63,1,1
selenium-webdriver,SeleniumHQ,selenium,405,1442,1.1234,30,12,19.68,206,1,0.0,7,28.75,17.17,1996067,0.9613,0,1,1,34213,97,0,1
@testing-library/jest-dom,testing-library,jest-dom,2,14,0.5714,30,2,32.99,141,1,0.0,264,16.5,14.87,50973804,0.9006,0,1,1,4595,37,12,1
eslint-plugin-testing-library,testing-library,eslint-plugin-testing-library,76,261,1.1648,30,5,25.37,38,1,0.0,91,22.5,17.39,8715904,0.9072,0,1,1,1060,11,0,1
jasmine-core,jasmine,jasmine,20,271,0.2952,30,2,61.93,7,1,0.0,16,25.5,25.66,6149801,0.8738,0,1,1,15824,2,16,1
supertest,visionmedia,supertest,0,29,0.0,30,0,20.58,186,1,0.0,168,45.25,70.52,15799127,0.8813,0,1,1,14373,19,9999,0
newman,postmanlabs,newman,0,3,0.0,30,0,27.2,319,1,0.0,157,167.75,202.3,693613,0.9481,0,1,1,7233,69,9999,0
@testing-library/cypress,kentcdodds,cypress-testing-library,4,6,2.6667,30,2,27.2,42,1,2.12,54,239.25,13.06,1389898,0.9393,0,1,1,1823,4,54,1
nise,sinonjs,nise,4,26,0.6154,30,3,31.43,7,1,0.0,72,143.25,226.36,7662761,0.9154,0,1,1,112,3,41,1
@appium/support,appium,appium,262,843,1.2432,30,8,31.78,81,1,0.0,4,10.25,10.4,2671592,0.8854,0,1,1,21678,12,0,1
cypress,cypress-io,cypress,366,1453,1.0076,30,13,35.65,1166,1,0.18,14,11.75,2.28,7235192,0.9208,0,1,1,50403,51,0,1
karma,karma-runner,karma,0,0,0.0,30,0,44.15,402,1,0.0,693,193.5,77.98,3588278,0.8806,0,1,1,11960,50,9999,0
jasmine,jasmine,jasmine-npm,12,56,0.8571,30,1,80.04,0,1,619.32,16,25.5,25.66,1401070,0.9333,0,1,1,379,0,9,1
cypress-cucumber-preprocessor,TheBrainFamily,cypress-cucumber-preprocessor,19,129,0.5891,30,2,73.6,8,1,0.0,1660,38.75,28.08,140085,0.961,0,1,1,1359,2,7,1
jest-expo-enzyme,expo,expo,1961,6030,1.3008,30,27,12.2,636,1,0.0,1332,48.25,47.37,1520,0.5968,0,1,1,50232,337,-1,1
gremlins.js,marmelab,gremlins.js,0,0,0.0,24,0,42.4,21,0,84.81,2162,36.0,31.29,7408,0.9961,0,1,1,9088,12,9999,0
node-mocks-http,howardabrams,node-mocks-http,6,11,2.1818,30,3,37.84,0,1,0.0,416,52.25,55.58,2046384,0.87,0,1,1,773,0,27,1
@stryker-mutator/api,stryker-mutator,stryker-js,118,594,0.7946,30,4,37.86,71,1,0.0,73,34.0,23.76,1367865,0.7301,0,1,1,2921,21,0,1
fetch-mock,wheresrhys,fetch-mock,0,61,0.0,30,0,91.21,23,1,0.0,236,33.25,29.94,1199229,0.9148,0,1,1,1310,18,9999,0
wait-for-expect,TheBrainFamily,wait-for-expect,0,2,0.0,11,0,79.25,10,0,0.0,326,542.5,843.72,788046,0.932,0,1,1,299,3,9999,0
cypress-localstorage-commands,javierbrea,cypress-localstorage-commands,0,17,0.0,7,0,37.76,3,0,999.86,99,212.25,20.91,289129,0.8654,0,1,1,180,0,9999,0
nyc,istanbuljs,nyc,2,6,1.3333,30,2,31.93,206,1,0.0,120,537.5,567.33,8540125,0.8738,0,1,1,5767,19,36,1
deep-eql,chaijs,deep-eql,0,3,0.0,20,0,45.76,22,1,58.1,748,136.5,136.79,48174980,0.9443,0,1,1,113,4,9999,0
fishery,thoughtbot,fishery,0,5,0.0,22,0,28.87,20,1,0.0,196,343.25,422.36,823909,0.9958,0,1,1,1017,3,9999,0
ignore-styles,bkonkle,ignore-styles,0,0,0.0,7,0,88.0,9,0,0.0,3587,26.0,29.03,148325,0.9697,0,1,1,210,2,9999,0
flush-promises,kentor,flush-promises,0,0,0.0,3,0,58.33,3,0,0.0,2791,9999,9999,420367,0.8287,0,1,1,194,2,9999,0
@pact-foundation/pact,pact-foundation,pact-js,104,295,1.4102,30,6,40.22,121,1,0.0,30,25.25,15.51,564299,0.9728,0,1,1,1780,24,1,1
log-process-errors,ehmicky,log-process-errors,8,27,1.1852,4,2,98.66,1,1,0.0,451,216.75,187.58,263750,0.8909,0,1,1,469,1,44,1
query-selector-shadow-dom,Georgegriff,query-selector-shadow-dom,0,0,0.0,10,0,71.76,23,1,0.0,1313,201.25,262.58,8541664,0.8329,0,1,1,262,11,9999,0
@open-wc/testing-helpers,open-wc,open-wc,20,36,2.2222,30,4,28.57,206,1,0.0,791,79.5,77.98,158243,0.913,0,1,1,2396,49,20,1
@xstate/test,statelyai,xstate,34,148,0.9189,30,6,70.08,124,1,0.0,894,77.0,73.14,28024,0.9508,0,1,1,29736,29,0,1
@testing-library/svelte,testing-library,svelte-testing-library,11,35,1.2571,30,3,24.05,1,1,12.32,0,45.25,76.07,663200,0.8716,0,1,1,661,1,0,1
cypress-fail-fast,javierbrea,cypress-fail-fast,0,14,0.0,5,0,56.1,3,0,0.0,92,234.5,225.25,270824,0.7817,0,1,1,122,1,9999,0
testcafe,DevExpress,testcafe,23,43,2.1395,30,4,17.39,34,1,0.0,7,121.5,119.63,209731,0.8893,0,1,1,9908,22,7,1
@jackfranklin/test-data-bot,jackfranklin,test-data-bot,0,0,0.0,15,0,59.81,19,0,910.89,1210,256.0,223.05,81762,0.7597,0,1,1,667,13,9999,0
jest-fela-bindings,robinweser,fela,0,0,0.0,30,0,35.43,8,0,0.0,1315,55.75,49.89,1678,0.7807,0,1,1,2285,1,9999,0
browserstack,scottgonzalez,node-browserstack,0,0,0.0,15,0,67.86,5,0,0.0,2018,228.5,16.1,754458,0.9388,0,1,1,213,1,9999,0
jasmine-expect,JamieMason,Jasmine-Matchers,0,0,0.0,9,0,96.91,14,0,0.0,2102,158.75,162.57,28470,0.9961,0,1,1,580,10,9999,0
rxjs-marbles,cartant,rxjs-marbles,0,0,0.0,8,0,95.81,8,0,0.0,1806,118.25,120.87,98675,1.0441,0,1,1,301,5,9999,0
angular-mocks,angular,angular.js,0,0,0.0,30,0,22.99,461,0,0.28,1537,217.0,193.68,209711,0.9346,0,1,1,58597,72,9999,0
@wojtekmaj/enzyme-adapter-react-17,wojtekmaj,enzyme-adapter-react-17,0,0,0.0,9,0,90.62,1,0,0.0,1321,83.5,90.97,404623,0.9521,0,1,1,297,0,9999,0
chai-json-schema,chaijs,chai-json-schema,12,12,4.0,11,2,53.4,3,1,0.0,2598,342.5,224.2,85721,0.8446,0,1,1,76,2,6,1
cucumber,cucumber,cucumber-js,92,243,1.5144,30,7,30.17,46,1,0.0,1525,222.5,241.2,238698,0.9654,0,1,1,5350,8,0,1
appium-android-driver,appium,appium-android-driver,14,126,0.4444,30,3,28.72,0,1,0.0,4,11.0,10.42,815454,0.8987,0,1,1,263,0,4,1
deep-equal-ident,fkling,deep-equal-ident,0,0,0.0,2,0,95.83,1,0,394.6,3921,114.0,96.38,128031,0.853,0,1,1,6,0,9999,0
babel-plugin-webpack-alias,trayio,babel-plugin-webpack-alias,0,0,0.0,7,0,89.55,12,0,0.0,3505,19.5,29.34,19180,1.0083,0,1,1,148,1,9999,0
chai-string,onechiporenko,chai-string,0,0,0.0,10,0,23.53,12,0,0.0,473,759.25,942.67,452686,0.9499,0,1,1,25,10,9999,0
qunit,qunitjs,qunit,12,37,1.2973,30,3,42.77,52,1,0.0,22,58.0,49.31,465064,0.8369,0,1,1,4036,8,22,1
react-select-event,romgain,react-select-event,0,0,0.0,13,0,60.63,23,1,0.0,1416,132.75,144.02,509874,1.0204,0,1,1,210,9,9999,0
airtap,airtap,airtap,0,0,0.0,30,0,47.17,8,0,0.0,583,379.0,418.4,6974,0.9009,0,1,1,1377,2,9999,0
@ethereum-waffle/mock-contract,EthWorks,Waffle,0,0,0.0,30,0,28.96,81,0,0.0,985,61.75,101.82,63757,0.8067,0,1,1,964,13,9999,0
miragejs,miragejs,miragejs,0,0,0.0,30,0,57.29,213,0,0.0,733,57.75,98.3,338604,0.9213,0,1,1,5527,27,9999,0
winston,winstonjs,winston,9,27,1.3333,30,3,52.12,519,1,0.0,198,16.75,29.01,25074751,0.8995,0,1,1,24478,59,7,1
strip-ansi,chalk,strip-ansi,0,5,0.0,11,0,80.28,0,0,2.14,117,403.75,333.81,593894762,0.8629,0,1,1,500,0,9999,0
fancy-log,gulpjs,fancy-log,0,0,0.0,5,0,82.76,0,0,2.08,1627,459.0,415.01,4001728,0.8876,0,1,1,123,0,9999,0
triple-beam,winstonjs,triple-beam,0,0,0.0,5,0,46.88,8,0,0.0,1079,526.75,780.73,22542056,0.8838,0,1,1,26,6,9999,0
pino-std-serializers,pinojs,pino-std-serializers,4,19,0.8421,30,3,41.48,17,1,0.0,161,251.75,241.85,34221667,0.8725,0,1,1,75,7,0,1
@azure/logger,Azure,azure-sdk-for-js,658,1943,1.3546,30,26,23.01,759,1,0.05,108,1.5,1.12,15109438,0.9261,0,1,1,2294,180,0,1
log-driver,cainus,logdriver,0,0,0.0,4,0,76.74,2,0,4292.88,3045,353.75,511.77,1131381,0.8741,0,1,1,5,1,9999,0
electron-log,megahertz,electron-log,3,10,1.2,30,2,91.76,16,1,23.38,40,94.0,101.05,961576,0.9661,0,1,1,1468,0,40,1
webpack-log,shellscape,webpack-log,0,0,0.0,7,0,61.22,0,0,3117.66,1930,267.25,221.27,3079912,0.8921,0,1,1,18,0,9999,0
glogg,gulpjs,glogg,0,0,0.0,3,0,82.61,0,0,0.0,821,562.25,473.47,2543465,0.8538,0,1,1,18,0,9999,0
@google-cloud/logging,googleapis,nodejs-logging,0,5,0.0,30,0,11.8,13,1,0.0,6,185.75,157.93,2478830,0.9117,0,1,1,181,0,9999,0
gulplog,gulpjs,gulplog,0,0,0.0,6,0,68.97,0,0,0.0,821,774.75,994.16,2467722,0.9034,0,1,1,58,0,9999,0
@google-cloud/logging-winston,googleapis,nodejs-logging-winston,0,6,0.0,30,0,12.02,22,1,0.0,18,319.5,224.1,697804,0.9498,0,1,1,114,7,9999,0
loglevelnext,shellscape,loglevelnext,0,0,0.0,4,0,96.25,1,0,93.56,979,209.5,336.28,397574,0.8902,0,1,1,40,1,9999,0
console-log-level,watson,console-log-level,0,0,0.0,3,0,79.55,8,0,0.0,2656,314.75,312.36,788349,0.9173,0,1,1,114,6,9999,0
strong-log-transformer,strongloop,strong-log-transformer,0,0,0.0,2,0,79.37,6,0,0.0,2747,243.75,271.52,2114947,0.9037,0,1,1,10,3,9999,0
tslog,fullstack-build,tslog,0,23,0.0,25,0,89.41,76,1,0.0,266,191.75,202.47,2912269,0.5873,0,1,1,1627,10,9999,0
elastic-apm-node,elastic,apm-agent-nodejs,53,263,0.8061,30,5,42.9,376,1,0.0,249,52.75,52.36,478471,0.9174,0,1,1,594,42,1,1
logform,winstonjs,logform,5,6,3.3333,30,4,34.82,64,1,0.0,590,160.0,108.27,23285540,0.8998,0,1,1,267,23,10,1
tfunk,shakyShane,tfunk,0,0,0.0,3,0,94.87,3,0,0.17,2074,538.25,509.16,186530,0.9079,0,1,0,13,3,9999,0
loglevel,pimterry,loglevel,0,0,0.0,26,0,67.49,19,0,15.41,655,255.5,166.83,19481611,0.9017,0,1,1,2747,2,9999,0
cls-rtracer,puzpuzpuz,cls-rtracer,2,2,4.0,7,1,86.89,6,1,58.54,44,483.0,393.31,104926,0.8803,0,1,1,311,1,44,1
@opentelemetry/instrumentation-winston,open-telemetry,opentelemetry-js-contrib,81,455,0.7121,30,27,17.45,232,1,0.0,12,13.25,9.42,7983283,0.9391,0,1,1,912,36,5,1
sql-summary,elastic,sql-summary,0,0,0.0,2,0,91.67,2,0,0.0,2890,9999,9999,430670,0.8776,0,1,1,5,0,9999,0
abstract-logging,jsumners,abstract-logging,0,0,0.0,2,0,80.0,1,0,0.12,2075,9999,9999,8255160,0.8506,0,1,0,34,0,9999,0
@google-cloud/logging-bunyan,googleapis,nodejs-logging-bunyan,0,2,0.0,30,0,14.43,0,1,0.0,18,319.75,271.96,82423,1.013,0,1,1,65,0,9999,0
@probe.gl/stats,uber-web,probe.gl,0,0,0.0,12,0,43.15,29,1,0.0,122,178.0,162.25,928558,0.9448,0,1,1,51,20,9999,0
gradient-string,bokub,gradient-string,0,0,0.0,2,0,97.87,3,0,43.59,633,549.5,433.7,2284488,0.8928,0,1,1,1197,0,9999,0
logzio-nodejs,logzio,logzio-nodejs,0,0,0.0,30,0,17.8,40,0,0.0,399,85.25,67.83,57499,1.0988,0,1,1,39,39,9999,0
lambda-log,KyleRoss,node-lambda-log,0,0,0.0,8,0,89.11,12,0,0.0,1656,5.25,5.54,52785,0.9336,0,1,1,193,7,9999,0
bole,rvagg,bole,10,29,1.3793,9,3,42.62,0,1,0.0,0,13.5,9.86,1597379,0.9416,0,1,1,278,0,0,1
pino-debug,pinojs,pino-debug,0,7,0.0,16,0,29.49,13,0,3191.76,105,470.25,580.51,8821,0.9258,0,1,1,165,6,9999,0
draftlog,ivanseidel,node-draftlog,0,0,0.0,4,0,93.02,7,0,0.0,1915,369.5,636.53,19068,0.9045,0,1,1,1245,1,9999,0
ansicolor,xpl,ansicolor,0,0,0.0,10,0,90.19,5,0,0.0,841,195.25,274.82,108192,0.8869,0,1,1,126,0,9999,0
@logdna/tail-file,logdna,tail-file-node,0,0,0.0,5,0,55.36,3,0,0.42,802,163.0,150.18,1490419,0.9726,0,1,1,37,2,9999,0
raven-for-redux,captbaritone,raven-for-redux,0,0,0.0,7,0,76.67,11,0,8197.97,2783,99.5,69.96,5134,0.887,0,1,0,293,7,9999,0
bunyan,trentm,node-bunyan,0,0,0.0,30,0,93.14,294,1,0.0,1991,49.25,83.01,3732426,0.9336,0,1,1,7211,64,9999,0
@salesforce/bunyan,forcedotcom,node-bunyan,0,0,0.0,30,0,91.52,9,0,0.0,2274,9999,9999,49180,0.906,0,1,1,3,9,9999,0
cabin,cabinjs,cabin,0,0,0.0,5,0,70.61,0,1,36.36,574,109.75,82.55,1837,1.2405,0,1,1,891,0,9999,0
rxjs-spy,cartant,rxjs-spy,0,0,0.0,4,0,99.01,14,0,0.0,1634,256.25,147.88,14676,0.9447,0,1,1,705,8,9999,0
filter-console,sindresorhus,filter-console,0,0,0.0,3,0,75.0,0,0,18.51,1761,9999,9999,85773,0.9462,0,1,1,244,0,9999,0
@slack/logger,slackapi,node-slack-sdk,62,217,1.1429,30,10,35.45,73,1,18.23,40,601.25,368.89,10750298,0.8425,0,1,1,3377,34,1,1
ngx-logger,dbfannin,ngx-logger,0,0,0.0,30,0,69.53,21,0,285.05,1167,103.75,130.34,92620,0.8996,0,1,1,433,13,9999,0
node-loggly-bulk,loggly,node-loggly-bulk,0,0,0.0,28,0,46.77,19,0,0.0,678,313.0,203.94,109870,0.9098,0,1,1,18,3,9999,0
winston-logzio,logzio,winston-logzio,0,0,0.0,23,0,21.74,10,0,0.0,545,220.25,108.12,23118,1.2042,0,1,1,18,7,9999,0
gcloud,googlecloudplatform,gcloud-node,1440,3264,1.7647,30,11,17.79,619,1,0.0,3391,69.75,96.41,1836,1.0507,0,1,1,3182,134,0,1
express-logging,telefonica,node-express-logging,0,0,0.0,4,0,85.71,2,0,0.0,3681,9999,9999,255839,0.8696,0,1,1,17,2,9999,0
cf-nodejs-logging-support,SAP,cf-nodejs-logging-support,76,154,1.974,19,2,46.16,5,1,0.0,26,6.5,6.02,78521,0.9768,0,1,1,46,2,22,1
winston-transport-sentry-node,aandrewww,winston-transport-sentry-node,0,0,0.0,20,0,71.43,17,0,0.0,685,183.0,193.35,65494,0.9134,0,1,1,63,5,9999,0
winston-loggly-bulk,loggly,winston-loggly-bulk,0,2,0.0,30,0,22.31,8,0,0.0,214,425.5,315.89,34155,0.9108,0,1,1,37,0,9999,0
bunyan-sfdx-no-dtrace,cwallsfdc,node-bunyan,0,0,0.0,30,0,92.12,0,0,0.0,3394,9999,9999,7709,0.8079,0,1,1,2,0,9999,0
continuation-local-storage,othiym23,node-continuation-local-storage,0,0,0.0,11,0,63.46,49,0,0.0,3136,164.5,164.82,2327250,0.9065,0,1,1,1136,7,9999,0
morgan-body,sirrodgepodge,morgan-body,0,0,0.0,7,0,71.29,14,0,0.0,1144,204.75,153.51,29836,0.8374,0,1,1,102,7,9999,0
axios-debug-log,Gerhut,axios-debug-log,0,0,0.0,7,0,61.29,3,0,0.0,1316,185.0,191.96,233371,0.8275,0,1,1,132,1,9999,0
koa-bunyan-logger,koajs,bunyan-logger,0,0,0.0,12,0,27.78,3,0,0.0,2818,337.0,133.53,15317,0.7326,0,1,1,107,3,9999,0
@log4js-node/log4js-api,log4js-node,log4js-api,0,0,0.0,3,0,50.0,2,0,47.81,2882,9999,9999,64600,1.5042,0,1,1,34,1,9999,0
caterpillar,bevry,caterpillar,3,11,1.0909,4,1,58.85,6,1,0.0,907,5.75,8.84,10731,0.5044,0,1,1,402,0,2,1
babel-plugin-sitrep,tkh44,babel-plugin-sitrep,0,0,0.0,2,0,50.0,5,0,0.0,3176,6.75,9.52,126,0.7698,0,1,0,433,1,9999,0
cls-proxify,aigoncharov,cls-proxify,0,0,0.0,3,0,64.52,2,0,0.0,1593,9999,9999,28360,0.7514,0,1,1,161,0,9999,0
aurelia-logging,aurelia,logging,0,0,0.0,19,0,83.12,17,0,0.0,2646,181.75,74.13,26158,0.8485,0,1,1,24,17,9999,0
@logdna/logger,logdna,logger-node,2,2,4.0,10,2,56.19,3,1,18.81,676,120.25,97.49,27493,0.8522,0,1,1,36,1,17,0
ascii-art,khrome,ascii-art,0,0,0.0,3,0,97.73,9,0,0.0,1789,4.25,7.36,2329,0.7581,0,1,1,754,0,9999,0
gelf-pro,kkamkou,node-gelf-pro,0,1,0.0,10,0,95.93,5,1,0.0,536,202.5,132.39,24529,0.8443,0,1,1,73,2,9999,0
aurelia-logging-console,aurelia,logging-console,0,0,0.0,10,0,87.74,16,0,0.0,2645,252.75,376.08,16863,0.8693,0,1,1,16,16,9999,0
ololog,xpl,ololog,0,0,0.0,3,0,98.04,14,0,27.51,1911,1.25,2.17,6507,0.8214,0,1,1,218,0,9999,0
winston-loki,JaniAnttonen,winston-loki,0,19,0.0,23,0,70.7,33,1,0.0,130,168.25,195.17,247026,0.775,0,1,1,171,3,9999,0
seq-logging,datalust,seq-logging,4,14,1.1429,14,2,46.7,1,1,0.0,413,183.25,162.46,87141,0.8722,0,1,1,32,0,0,1
logdna,logdna,nodejs,0,0,0.0,22,0,67.5,1,0,3.41,1599,202.25,110.11,5791,0.6845,0,1,1,74,1,9999,0
better-logging,Olian04,better-logging,0,0,0.0,3,0,98.78,5,0,3774.46,1489,106.75,62.29,1184,0.8922,0,1,1,170,2,9999,0
acho,achojs,acho,0,0,0.0,8,0,92.56,1,1,0.0,2272,169.75,172.06,5043,0.5895,0,1,1,189,0,9999,0
winston-syslog,indexzero,winston-syslog,0,0,0.0,30,0,18.44,61,0,0.0,676,403.0,273.83,71589,0.9382,0,1,1,139,11,9999,0
bcrypt,kelektiv,node.bcrypt.js,1,7,0.5714,30,1,33.27,35,1,0.0,407,449.0,163.35,5649620,0.8769,0,1,1,7801,10,70,1
basic-auth,jshttp,basic-auth,7,13,2.1538,16,2,69.59,7,1,0.0,2833,293.25,65.02,18725246,0.8592,0,1,1,710,5,39,1
gtoken,google,node-gtoken,0,20,0.0,30,0,19.47,0,1,0.0,376,45.0,49.76,37275838,0.7771,0,1,1,120,0,9999,0
passport,jaredhanson,passport,0,0,0.0,30,0,93.55,398,1,0.0,938,177.25,226.92,7941980,0.8685,0,1,1,23532,43,9999,0
openid-client,panva,node-openid-client,35,120,1.1667,30,3,90.6,0,1,2.83,56,56.5,48.57,10344178,0.8896,0,1,1,2360,0,3,1
rate-limiter-flexible,animir,node-rate-limiter-flexible,30,145,0.8276,30,4,67.2,9,1,214.37,14,12.25,11.03,2674363,0.865,0,1,1,3562,2,14,1
auth0-js,auth0,auth0.js,78,281,1.1103,30,3,18.58,13,1,0.0,13,30.5,13.29,240045,0.9715,0,1,1,1053,12,5,1
@urql/exchange-auth,FormidableLabs,urql,21,51,1.6471,30,6,44.32,26,1,1.67,318,39.5,47.77,338301,0.8793,0,1,1,8959,9,1,1
koa-passport,rkusa,koa-passport,0,0,0.0,20,0,81.76,13,0,0.59,1233,347.25,265.69,311709,0.8681,0,1,1,771,3,9999,0
koa-basic-auth,koajs,basic-auth,0,0,0.0,10,0,48.15,0,0,836.37,2724,453.0,232.07,19298,0.8614,0,1,0,138,0,9999,0
auth0-lock,auth0,lock,72,141,2.0426,30,6,51.8,13,1,0.0,18,35.25,22.98,22046,0.9548,0,1,1,1140,11,5,1
passport-custom,mbell8903,passport-custom,0,0,0.0,9,0,71.43,5,0,0.0,2323,492.25,506.25,581246,0.8413,0,1,1,103,2,9999,0
passport-oauth1,jaredhanson,passport-oauth1,0,0,0.0,7,0,94.17,14,0,0.0,1209,871.0,706.61,445188,0.8969,0,1,1,24,10,9999,0
idtoken-verifier,auth0,idtoken-verifier,1,1,4.0,27,1,16.18,15,1,0.0,970,214.5,173.93,249314,0.9399,0,1,1,76,15,36,0
angular-auth-oidc-client,damienbod,angular-auth-oidc-client,32,103,1.2427,30,2,47.42,271,1,0.0,52,54.5,50.95,133624,0.8755,0,1,1,1233,17,25,1
@nhost/hasura-auth-js,nhost,nhost,400,904,1.7699,30,13,27.72,128,1,0.0,383,24.25,8.5,6432,0.7964,0,1,1,9212,46,-1,1
@okta/okta-auth-js,okta,okta-auth-js,11,30,1.4667,30,2,23.74,238,1,0.0,6,18.5,17.47,865674,0.9207,0,1,1,481,72,25,1
auth-header,izaakschroeder,auth-header,0,0,0.0,3,0,94.59,5,0,0.0,2863,330.0,333.0,148960,0.8864,0,1,0,23,3,9999,0
bcryptjs,dcodeIO,bcrypt.js,0,1,0.0,9,0,92.31,2,1,916.88,232,65.25,110.71,11726059,0.854,0,1,1,3797,2,9999,0
oidc-provider,panva,node-oidc-provider,64,179,1.4302,30,2,95.99,0,1,8.28,7,14.75,10.96,466270,0.9082,0,1,1,3756,0,3,1
verdaccio-htpasswd,verdaccio,monorepo,12,70,0.6857,30,2,27.69,2,1,0.0,3,6.0,4.47,671897,0.9623,0,1,0,85,0,40,0
payload,payloadcms,payload,502,1868,1.0749,30,14,28.55,832,1,0.0,1,2.0,1.0,460347,0.8982,0,1,1,43184,458,0,1
passport-gitlab2,fh1ch,passport-gitlab2,0,0,0.0,21,0,72.26,9,0,211.18,2690,9999,9999,42772,0.9079,0,1,1,38,3,9999,0
express-slow-down,nfriedly,express-slow-down,25,61,1.6393,30,2,65.05,1,1,0.0,103,167.5,118.14,284034,0.6064,0,1,1,301,0,0,1
express-jwt,auth0,express-jwt,1,3,1.3333,30,1,64.93,64,1,0.0,560,170.25,203.76,777311,0.9168,0,1,1,4512,14,52,0
koa2-ratelimit,ysocorp,koa2-ratelimit,0,0,0.0,11,0,53.95,19,0,0.0,1182,107.25,70.19,269537,0.8116,0,1,1,123,11,9999,0
upash,simonepri,upash,0,0,0.0,2,0,98.0,7,0,0.0,2881,9999,9999,4409,0.9024,0,1,1,540,1,9999,0
iron-session,vvo,iron-session,0,2,0.0,30,0,51.89,32,1,0.0,588,88.75,74.52,1517503,0.947,0,1,1,4131,16,9999,0
otpauth,hectorm,otpauth,10,56,0.7143,7,2,60.92,4,1,0.0,59,123.75,36.09,1566958,0.868,0,1,1,1456,4,59,1
@node-rs/bcrypt,napi-rs,node-rs,53,123,1.7236,21,4,30.4,43,1,0.0,565,56.5,67.19,231977,0.9201,0,1,1,1452,5,0,1
apple-signin-auth,a-tokyo,apple-signin-auth,2,2,4.0,12,1,72.07,2,1,1.72,432,104.0,96.02,195597,0.9168,0,1,1,179,2,2,0
passport-oauth2-refresh,fiznool,passport-oauth2-refresh,0,0,0.0,6,0,91.07,9,0,0.0,1164,278.5,228.95,60661,0.9272,0,1,1,188,5,9999,0
ember-simple-auth-token,jpadilla,ember-simple-auth-token,0,0,0.0,30,0,37.86,6,0,0.0,386,329.0,115.93,3674,1.1628,0,1,1,348,5,9999,0
passport-local,jaredhanson,passport-local,0,0,0.0,12,0,85.4,62,0,0.0,4489,161.75,246.14,2283241,0.8301,0,1,1,2757,13,9999,0
@commercetools/sdk-client-v2,commercetools,commercetools-sdk-typescript,120,228,2.1053,27,5,21.66,3,1,0.0,8,35.5,31.02,150860,0.8522,0,1,1,65,1,1,1
@clerk/clerk-react,clerkinc,javascript,493,1923,1.0255,30,21,23.47,117,1,8.01,27,16.75,11.39,1406856,0.9274,0,1,1,1716,94,-1,1
digest-fetch,devfans,digest-fetch,0,0,0.0,13,0,74.16,6,0,0.0,1029,34.75,39.82,644359,0.9607,0,1,1,41,4,9999,0
passport-windowslive,jaredhanson,passport-windowslive,0,0,0.0,4,0,94.52,6,1,0.0,3797,247.0,266.43,2437,0.8523,0,1,1,36,2,9999,0
remix-auth,sergiodxa,remix-auth,28,126,0.8889,30,2,44.79,5,1,0.0,436,139.25,80.65,135321,0.8166,0,1,1,2211,5,0,1
passport-google-oauth1,jaredhanson,passport-google-oauth1,0,0,0.0,2,0,92.86,2,0,0.0,3792,9999,9999,88335,0.9208,0,1,1,6,2,9999,0
@okta/okta-angular,okta,okta-angular,5,11,1.8182,21,2,17.35,26,1,0.0,27,108.0,109.19,52963,0.9517,0,1,1,52,10,6,1
react-apple-signin-auth,a-tokyo,react-apple-signin-auth,7,7,4.0,5,1,95.65,0,1,202.88,20,104.0,141.81,60208,1.0369,0,1,1,134,0,2,1
passport-steam,liamcurry,passport-steam,0,0,0.0,20,0,45.0,23,1,0.0,1101,291.75,202.93,20039,0.6724,0,1,1,358,8,9999,0
credential-plus,simonepri,credential-plus,0,0,0.0,2,0,98.0,7,0,0.0,3031,45.0,77.94,50,0.7529,0,1,1,540,1,9999,0
@hapi/cookie,hapijs,hapi-auth-cookie,0,0,0.0,30,0,29.9,10,0,0.0,1227,281.5,275.17,69268,1.0889,0,1,1,229,3,9999,0
passport-oauth2,jaredhanson,passport-oauth2,0,0,0.0,13,0,92.57,95,1,0.53,871,446.0,275.44,2096288,0.9138,0,1,1,619,23,9999,0
authy-client,ruimarinho,authy-client,0,0,0.0,6,0,59.52,16,0,0.0,2488,150.25,119.15,3371,0.987,0,1,0,122,15,9999,0
passport-linkedin,jaredhanson,passport-linkedin,0,0,0.0,5,0,87.5,14,0,168.01,3934,353.0,351.94,4342,0.9581,0,1,1,141,3,9999,0
@passport-next/passport,passport-next,passport,0,0,0.0,30,0,90.4,5,0,0.0,2386,100.0,46.06,1357,1.065,0,1,1,35,2,9999,0
passport-twitter-token,drudge,passport-twitter-token,0,0,0.0,10,0,51.85,5,0,26.54,3481,108.5,81.42,712,1.1148,0,1,1,52,0,9999,0
node-2fa,jeremyscalpello,node-2fa,0,0,0.0,4,0,46.43,20,0,0.0,1673,437.5,584.09,46828,0.8157,0,1,1,221,15,9999,0
ajv,ajv-validator,ajv,6,8,3.0,30,3,86.77,350,1,0.0,60,162.25,242.91,334498045,0.8815,0,1,1,14744,70,60,1
react-hook-form,react-hook-form,react-hook-form,131,262,2.0,30,18,88.56,52,1,0.0,3,6.5,1.12,55527954,0.944,0,1,1,44773,48,2,1
validator,validatorjs,validator.js,8,32,1.0,30,7,70.56,431,1,0.0,81,39.25,40.09,25481363,0.8915,0,1,1,23744,256,6,1
joi,sideway,joi,27,60,1.8,30,3,46.3,196,1,0.0,5,10.75,15.86,23440148,0.8672,0,1,1,21193,20,5,1
zod,colinhacks,zod,118,491,0.9613,30,30,73.03,221,1,0.0,49,0.0,0.0,209235222,0.8714,0,1,1,43036,124,12,1
requires-port,unshiftio,requires-port,0,0,0.0,4,0,44.23,2,0,0.0,3889,9999,9999,49703493,0.8863,0,1,1,11,1,9999,0
validate-npm-package-name,npm,validate-npm-package-name,9,28,1.2857,19,4,30.0,3,1,0.0,45,72.0,38.54,39449763,0.8688,0,1,1,315,1,4,1
@humanwhocodes/object-schema,humanwhocodes,object-schema,0,0,0.0,3,0,80.56,1,0,113.13,812,219.75,287.27,34974327,0.9025,0,1,1,33,1,9999,0
vee-validate,logaretm,vee-validate,0,26,0.0,30,0,94.9,169,1,1.71,111,119.5,72.09,1083315,0.8128,0,1,1,11263,32,9999,0
xmlchars,lddubeau,xmlchars,0,0,0.0,5,0,71.19,13,0,0.0,2481,18.5,31.47,64270811,0.8518,0,1,1,3,11,9999,0
@chakra-ui/form-control,chakra-ui,chakra-ui,80,583,0.5489,30,18,65.36,20,1,0.0,957,0.0,0.0,489108,0.9064,0,1,1,40476,15,1,1
css-tree,csstree,csstree,0,17,0.0,27,0,96.55,67,0,0.0,110,134.5,184.8,93147277,0.8793,0,1,1,2109,19,9999,0
@sideway/address,sideway,address,0,0,0.0,9,0,80.0,3,0,70.91,876,249.0,231.81,13724423,0.9102,0,1,1,33,3,9999,0
formik,formium,formik,0,12,0.0,30,0,86.9,837,1,0.0,224,198.5,226.73,4387181,0.8843,0,1,1,34343,132,9999,0
tcomb-validation,gcanti,tcomb-validation,0,0,0.0,5,0,95.05,13,0,24.7,3233,101.25,96.51,1516042,0.9449,0,1,1,397,0,9999,0
@hookform/resolvers,react-hook-form,resolvers,6,13,1.8462,30,3,32.14,70,1,23.66,32,86.25,95.52,46329031,0.9072,0,1,1,2245,9,32,1
superstruct,ianstormtaylor,superstruct,0,0,0.0,30,0,45.79,100,0,0.0,696,5.75,8.84,5341401,0.9094,0,1,1,7141,19,9999,0
airbnb-prop-types,airbnb,prop-types,0,1,0.0,16,0,92.5,11,0,22.69,2183,112.0,127.67,1380402,0.8533,0,1,1,668,1,9999,0
@hapi/joi,hapijs,joi,27,60,1.8,30,3,46.3,196,1,0.0,2292,17.25,21.51,2109376,0.8819,0,1,1,21193,20,5,1
prop-types-exact,airbnb,prop-types-exact,4,6,2.6667,2,1,99.01,1,0,6.35,541,54.75,62.29,1394741,0.8991,0,1,1,238,0,53,1
v8n,imbrn,v8n,0,0,0.0,10,0,93.04,0,0,114.28,1453,283.75,351.26,781342,0.9079,0,1,1,4145,0,9999,0
isemail,hapijs,isemail,0,0,0.0,12,0,75.0,10,0,137.81,2804,64.0,38.75,977003,0.8743,0,1,1,258,5,9999,0
@exodus/schemasafe,ExodusMovement,schemasafe,0,0,0.0,30,0,76.5,19,0,0.0,1028,4.75,5.07,4579373,0.9516,0,1,1,177,3,9999,0
validate.io-array,validate-io,array,0,0,0.0,2,0,95.45,0,0,0.0,4043,24.0,32.5,2644799,0.9014,0,1,1,3,0,9999,0
uniforms,vazco,uniforms,0,2,0.0,30,0,69.67,29,0,0.0,480,30.0,41.52,23172,0.8235,0,1,1,2103,4,9999,0
express-validator,express-validator,express-validator,16,34,1.8824,30,3,56.68,83,1,0.0,82,149.0,96.36,2076679,0.853,0,1,1,6238,21,4,1
validate.io-integer,validate-io,integer,0,0,0.0,1,0,100.0,0,0,0.0,4138,30.5,38.06,2122496,0.8881,0,1,1,2,0,9999,0
@hookform/devtools,react-hook-form,devtools,1,1,4.0,30,1,74.46,56,1,1.36,443,212.0,254.94,701165,0.9284,0,1,1,669,17,60,0
@tsed/platform-express,tsedio,tsed,130,439,1.1845,30,5,67.4,80,1,0.0,1,4.5,6.65,18802,0.8617,0,1,1,3079,35,1,1
@validatorjs/validator-dev,chriso,validator.js,8,32,1.0,30,7,70.56,431,1,0.0,2018,9999,9999,7,1.3527,0,1,1,23744,256,6,1
password-validator,tarunbatra,password-validator,0,0,0.0,13,0,85.64,7,0,6377.69,1500,138.0,145.51,131344,0.9655,0,1,1,283,2,9999,0
npm-user-validate,npm,npm-user-validate,9,23,1.5652,14,4,30.93,2,1,0.0,45,310.25,157.06,754194,0.9222,0,1,1,18,0,5,1
validate.io-function,validate-io,function,0,0,0.0,1,0,100.0,0,0,0.0,4141,43.0,73.9,2612618,0.8993,0,1,1,3,0,9999,0
informed,teslamotors,informed,4,18,0.8889,30,1,94.96,22,1,118.3,13,99.0,41.7,14978,0.9117,0,1,1,981,9,13,1
validate.io-integer-array,validate-io,integer-array,0,0,0.0,1,0,100.0,0,0,0.0,4140,9999,9999,2091396,0.8195,0,1,1,2,0,9999,0
@hookform/error-message,react-hook-form,error-message,0,0,0.0,9,0,58.26,18,0,0.0,1322,179.0,237.15,891025,0.8156,0,1,1,348,11,9999,0
graphql-query-complexity,slicknode,graphql-query-complexity,2,2,4.0,18,1,74.05,13,1,95.69,12,345.25,235.4,1079783,0.8795,0,1,1,747,4,12,1
is-json,joaquimserafim,is-json,6,6,4.0,1,1,100.0,9,1,26.03,27,1086.25,1432.53,1375370,0.8548,0,1,1,73,1,27,1
is2,stdarg,is2,0,0,0.0,5,0,46.15,4,0,0.0,1384,302.75,194.09,3989403,0.8932,0,1,1,10,2,9999,0
form-backend-validation,spatie,form-backend-validation,0,0,0.0,24,0,38.96,0,0,19.14,2167,141.5,104.75,16057,0.7233,0,1,1,779,0,9999,0
@braid/vue-formulate,wearebraid,vue-formulate,0,0,0.0,14,0,92.64,128,0,0.05,1614,117.75,122.38,9952,0.843,0,1,1,2241,13,9999,0
schema-typed,rsuite,schema-typed,0,0,0.0,11,0,70.0,12,0,0.0,438,90.5,122.02,144307,0.8909,0,1,1,200,4,9999,0
@apidevtools/swagger-parser,APIDevTools,swagger-parser,0,1,0.0,30,0,80.0,62,1,0.0,252,69.75,64.07,5299943,0.849,0,1,1,1201,4,9999,0
powerbi-models,Microsoft,powerbi-models,0,21,0.0,26,0,26.71,10,0,0.0,257,169.0,113.86,360996,0.8959,0,1,1,52,7,9999,0
validate.io-array-like,validate-io,array-like,0,0,0.0,1,0,100.0,0,0,4.17,3738,9999,9999,28261,0.9974,0,1,1,4,0,9999,0
ajv-draft-04,ajv-validator,ajv-draft-04,0,0,0.0,1,0,100.0,4,0,0.0,1857,9999,9999,13546609,0.8537,0,1,1,11,2,9999,0
validate.io-string-primitive,validate-io,string-primitive,0,0,0.0,2,0,85.71,0,0,0.0,3618,9999,9999,30449,1.0494,0,1,1,1,0,9999,0
validate.io-number-primitive,validate-io,number-primitive,0,0,0.0,1,0,100.0,0,0,0.0,4127,9999,9999,30276,0.8938,0,1,1,3,0,9999,0
vform,cretueusebiu,vform,0,0,0.0,5,0,94.49,11,1,0.0,1699,44.75,34.06,5344,0.6633,0,1,1,600,0,9999,0
validate.io-integer-primitive,validate-io,integer-primitive,0,0,0.0,1,0,100.0,0,0,0.0,4061,9999,9999,27851,0.9392,0,1,1,2,0,9999,0
fluent-json-schema,fastify,fluent-json-schema,7,16,1.75,30,5,50.0,11,1,0.0,439,144.0,118.85,42453,0.8727,0,1,1,524,4,5,1
validate.io-buffer,validate-io,buffer,0,0,0.0,1,0,100.0,0,0,0.0,3827,9999,9999,27717,1.0556,0,1,1,4,0,9999,0
validate.io-positive-integer,validate-io,positive-integer,0,0,0.0,1,0,100.0,0,0,0.0,4138,9999,9999,22907,0.9515,0,1,1,2,0,9999,0
validate.io-matrix-like,validate-io,matrix-like,0,0,0.0,1,0,100.0,0,0,0.0,4034,9999,9999,24478,0.9635,0,1,1,3,0,9999,0
envalid,af,envalid,13,25,2.08,30,2,70.64,5,1,6.58,14,141.75,85.74,609581,0.9116,0,1,1,1565,1,13,1
typechecker,bevry,typechecker,3,11,1.0909,6,1,76.8,4,1,0.0,908,5.5,8.96,274358,0.8498,0,1,1,50,0,2,1
koa-joi-router,koajs,joi-router,0,0,0.0,22,0,79.9,11,0,0.0,1883,182.0,68.62,8802,0.9997,0,1,1,452,5,9999,0
@sapphire/shapeshift,sapphiredev,shapeshift,0,25,0.0,14,0,53.19,11,0,0.0,198,15.25,11.26,914028,0.881,0,1,1,93,6,9999,0
validator.js,guillaumepotier,validator.js,0,0,0.0,11,0,78.57,15,0,0.0,2335,339.25,539.8,10424,0.8361,0,1,1,256,3,9999,0
fastest-validator,icebob,fastest-validator,25,35,2.8571,30,4,63.54,43,1,0.0,418,215.75,108.73,115560,0.8565,0,1,1,1464,3,74,1
openapi-validator-middleware,PayU,openapi-validator-middleware,0,0,0.0,30,0,31.03,32,0,0.0,1576,92.0,58.68,25974,0.8392,0,1,1,144,10,9999,0
express-json-validator-middleware,simonplend,express-json-validator-middleware,4,4,4.0,16,1,66.02,2,1,0.0,85,420.75,572.4,15229,1.0122,0,1,1,158,0,86,1
express-joi-validation,evanshortiss,express-joi-validation,0,0,0.0,10,0,85.29,10,0,2934.18,392,443.5,393.06,27322,0.8001,0,1,1,103,5,9999,0
dependency-cruiser-fork,sverweij,dependency-cruiser,28,151,0.7417,30,1,97.62,38,1,23.93,2128,9999,9999,5,6.6051,0,1,1,6795,3,0,1
ow,sindresorhus,ow,0,22,0.0,30,0,61.66,0,0,564.88,249,248.25,230.6,2629611,0.8986,0,1,1,3868,0,9999,0
http-errors,jshttp,http-errors,0,18,0.0,21,0,74.84,19,1,0.0,214,584.75,518.83,146817500,0.9036,0,1,1,1561,12,9999,0
node-fetch,node-fetch,node-fetch,0,0,0.0,30,0,31.55,246,1,0.0,1034,26.0,16.69,161640018,0.8843,0,1,1,8859,57,9999,0
tough-cookie,salesforce,tough-cookie,13,45,1.1556,30,2,25.67,41,1,0.0,102,78.25,81.08,108885002,0.91,0,1,1,1062,5,18,1
etag,jshttp,etag,0,1,0.0,6,0,94.56,12,0,0.0,3205,256.5,220.56,88304683,0.9071,0,1,1,266,12,9999,0
methods,jshttp,methods,1,3,1.3333,12,1,79.25,4,1,0.0,3809,154.25,145.35,58583202,0.9192,0,1,1,180,4,81,0
statuses,jshttp,statuses,0,9,0.0,14,0,81.33,8,0,0.0,381,696.0,576.43,161897803,0.906,0,1,1,285,8,9999,0
axios,axios,axios,239,418,2.2871,30,34,23.21,128,1,0.0,0,9.75,7.15,125685708,0.8765,0,1,1,109084,25,0,1
vary,jshttp,vary,1,10,0.4,8,1,93.07,1,1,0.0,3194,284.75,170.38,88947399,0.9466,0,1,1,65,1,81,1
@szmarczak/http-timer,szmarczak,http-timer,0,0,0.0,2,0,95.83,6,0,0.68,1767,141.0,222.27,27466124,0.9117,0,1,1,191,0,9999,0
make-fetch-happen,npm,make-fetch-happen,17,36,1.8889,30,3,31.97,12,1,0.0,27,22.25,24.49,60221607,0.8946,0,1,1,207,4,4,1
range-parser,jshttp,range-parser,0,9,0.0,13,0,82.25,5,1,0.0,2600,425.5,399.4,94074631,0.9074,0,1,1,96,5,9999,0
undici,nodejs,undici,280,648,1.7284,30,22,43.22,296,1,0.0,7,2.0,2.92,136465849,0.8628,0,1,1,7630,111,2,1
on-headers,jshttp,on-headers,3,15,0.8,8,1,89.6,15,1,0.0,341,1020.25,868.62,44722263,0.836,0,1,1,162,11,47,1
socks-proxy-agent,TooTallNate,node-socks-proxy-agent,0,0,0.0,22,0,63.06,0,0,2580.03,14,177.0,170.52,82605432,0.8596,0,1,0,332,0,9999,0
http-proxy-agent,TooTallNate,node-http-proxy-agent,0,0,0.0,5,0,95.92,0,0,1.92,14,211.25,314.26,150625778,0.8793,0,1,0,128,0,9999,0
superagent,visionmedia,superagent,0,39,0.0,30,0,31.75,183,1,0.0,168,74.75,56.23,21534210,0.8991,0,1,1,16647,4,9999,0
node-forge,digitalbazaar,forge,0,59,0.0,30,0,64.29,462,1,0.0,90,366.5,561.32,37101973,0.8991,0,1,1,5312,61,9999,0
responselike,lukechilds,responselike,0,8,0.0,4,0,72.73,0,0,0.0,256,294.75,510.52,30512723,0.8644,0,1,1,37,0,9999,0
clone-response,lukechilds,clone-response,0,0,0.0,3,0,78.43,0,0,3233.84,1437,464.0,768.07,18455402,0.8939,0,1,1,32,0,9999,0
data-urls,jsdom,data-urls,0,8,0.0,4,0,93.18,3,0,0.0,141,281.0,249.15,74048464,0.9265,0,1,1,75,2,9999,0
cross-fetch,lquixada,cross-fetch,0,0,0.0,19,0,96.51,27,1,0.0,549,134.0,232.09,34353864,0.9108,0,1,1,1696,3,9999,0
whatwg-mimetype,jsdom,whatwg-mimetype,0,7,0.0,5,0,90.48,0,0,0.0,154,670.5,362.05,112429901,0.9276,0,1,1,94,0,9999,0
decompress-response,sindresorhus,decompress-response,0,5,0.0,10,0,77.97,0,0,117.87,252,425.75,98.56,46542988,0.8945,0,1,1,76,0,9999,0
http2-wrapper,szmarczak,http2-wrapper,0,0,0.0,4,0,99.06,14,0,142.19,955,190.25,108.68,25882232,0.9094,0,1,1,249,1,9999,0
http-deceiver,indutny,http-deceiver,0,0,0.0,2,0,92.31,7,0,0.0,3689,76.5,116.19,17369747,0.8882,0,1,0,18,2,9999,0
mimic-response,sindresorhus,mimic-response,0,0,0.0,6,0,72.73,0,0,79.74,1777,233.0,193.08,65582920,0.9039,0,1,1,61,0,9999,0
prepend-http,sindresorhus,prepend-http,0,2,0.0,7,0,82.35,0,0,588.64,1778,479.0,302.02,10800504,0.8565,0,1,1,66,0,9999,0
find-my-way,delvedor,find-my-way,9,24,1.5,30,4,50.86,22,1,0.0,48,113.25,101.58,8880368,0.8853,0,1,1,1623,10,20,1
builtin-status-codes,bendrucker,builtin-status-codes,0,0,0.0,5,0,60.0,0,0,0.0,3645,9999,9999,10893998,0.8471,0,1,1,19,0,9999,0
ky,sindresorhus,ky,31,120,1.0333,30,6,73.77,2,1,3.52,63,20.75,23.83,6624845,0.914,0,1,1,16946,2,1,1
negotiator,jshttp,negotiator,0,11,0.0,22,0,69.1,15,1,0.0,612,772.25,421.16,189318721,0.8739,0,1,1,383,7,9999,0
har-schema,ahmadnassri,har-schema,0,0,0.0,3,0,65.0,1,0,1898.72,3352,33.75,58.46,13810397,0.8971,0,1,1,23,1,9999,0
request-promise-core,request,promise-core,0,0,0.0,4,0,94.83,10,0,489.52,2162,9999,9999,4910115,0.9044,0,1,1,20,3,9999,0
agentkeepalive,node-modules,agentkeepalive,0,0,0.0,25,0,81.21,22,0,0.0,541,165.5,105.09,23528492,0.9576,0,1,1,603,1,9999,0
content-disposition,jshttp,content-disposition,17,35,1.9429,16,2,67.38,7,1,0.0,26,158.0,171.27,118021938,0.9019,0,1,1,244,5,26,1
global-agent,gajus,global-agent,0,25,0.0,15,0,68.06,15,0,0.0,103,8.5,14.72,9372541,0.9337,0,1,1,414,5,9999,0
pac-proxy-agent,TooTallNate,node-pac-proxy-agent,0,0,0.0,10,0,90.83,0,0,6151.58,14,118.0,155.66,29567430,0.8587,0,1,0,58,0,9999,0
@hapi/boom,hapijs,boom,0,0,0.0,30,0,37.34,8,0,16.95,1227,174.0,98.36,6629140,0.75,0,1,1,2923,3,9999,0
get-uri,TooTallNate,node-get-uri,0,0,0.0,4,0,97.66,0,0,5000.84,14,137.25,95.41,29539835,0.8259,0,1,0,49,0,9999,0
xhr,naugtur,xhr,0,0,0.0,30,0,41.7,13,0,0.0,2032,355.5,341.66,2775333,0.9676,0,1,1,800,3,9999,0
@opentelemetry/instrumentation-http,open-telemetry,opentelemetry-js,196,661,1.1861,30,25,14.98,238,1,0.0,12,13.25,9.42,24713247,0.9399,0,1,1,3406,53,0,1
http-shutdown,thedillonb,http-shutdown,0,0,0.0,5,0,88.24,6,0,0.83,2356,374.75,261.27,2272101,0.8223,0,1,1,179,0,9999,0
@pollyjs/adapter-node-http,netflix,pollyjs,0,0,0.0,30,0,71.51,56,0,0.0,1068,146.75,192.95,151730,0.9706,0,1,1,10254,13,9999,0
http-status,adaltas,node-http-status,0,0,0.0,24,0,83.5,5,0,0.0,534,78.75,96.17,1246920,0.9749,0,1,1,484,2,9999,0
needle,tomas,needle,1,17,0.2353,30,1,83.88,85,0,0.0,102,206.0,355.07,13270128,0.8799,0,1,1,1632,4,66,1
parse-headers,kesla,parse-headers,0,0,0.0,6,0,84.62,2,0,0.0,460,554.25,353.08,3701269,0.9335,0,1,1,28,0,9999,0
response-time,expressjs,response-time,0,12,0.0,11,0,76.0,8,1,0.0,340,950.75,1127.11,638189,0.8937,0,1,1,496,5,9999,0
hawk,mozilla,hawk,0,0,0.0,30,0,56.77,0,0,2532.38,812,313.75,297.61,1653369,0.9048,0,1,1,1948,0,9999,0
http-headers,watson,http-headers,0,0,0.0,1,0,100.0,5,0,43.52,3138,196.5,233.74,534457,0.963,0,1,1,39,4,9999,0
@actions/http-client,actions,toolkit,40,374,0.4278,30,7,11.18,574,1,0.0,62,42.75,33.78,12845533,0.9053,0,1,1,5780,197,5,1
@mswjs/interceptors,mswjs,interceptors,17,55,1.2364,30,2,87.37,47,1,0.0,42,4.0,3.08,20407467,0.9187,0,1,1,657,19,42,1
simple-get,feross,simple-get,0,0,0.0,15,0,82.29,23,0,0.0,1602,216.75,251.45,24158143,0.8501,0,1,1,404,7,9999,0
@apidevtools/swagger-methods,APIDevTools,swagger-methods,0,0,0.0,2,0,86.75,0,0,0.0,2165,9999,9999,5099071,0.8741,0,1,1,5,0,9999,0
timed-out,sindresorhus,timed-out,0,2,0.0,9,0,60.78,0,0,12.04,286,793.75,575.3,4545918,0.9015,0,1,1,50,0,9999,0
elastic-apm-http-client,elastic,apm-nodejs-http-client,0,0,0.0,13,0,57.72,0,0,12.54,1091,39.75,27.29,39527,1.2734,0,1,1,22,0,9999,0
@hapi/wreck,hapijs,wreck,7,7,4.0,30,1,48.94,4,1,0.0,34,298.0,313.82,2282386,0.8718,0,1,1,378,1,34,1
fresh,jshttp,fresh,1,12,0.3333,18,1,80.18,10,1,0.0,656,687.5,1076.68,109703859,0.9045,0,1,1,163,9,-1,1
url-to-options,stevenvachon,url-to-options,0,0,0.0,2,0,75.0,2,0,0.0,2617,9999,9999,2449610,0.8428,0,1,1,8,1,9999,0
purest,simov,purest,0,0,0.0,3,0,99.71,3,0,98.06,1279,506.5,499.6,236587,0.8481,0,1,1,563,2,9999,0
http-assert,jshttp,http-assert,0,0,0.0,11,0,71.72,13,0,0.0,1763,501.0,222.77,6865211,0.9334,0,1,1,155,11,9999,0
caw,kevva,caw,0,0,0.0,5,0,80.0,8,0,2.24,3260,179.0,153.94,1221399,0.8703,0,1,1,42,0,9999,0
hpagent,delvedor,hpagent,0,0,0.0,9,0,74.29,21,0,0.0,1333,208.0,128.57,8150953,0.9375,0,1,1,191,10,9999,0
li,jfromaniello,li,0,0,0.0,5,0,80.0,4,0,963.27,3086,353.75,190.8,426441,0.7591,0,1,0,41,2,9999,0
@achingbrain/node-fetch,bitinn,node-fetch,0,0,0.0,30,0,31.55,246,1,0.0,1830,5.25,6.38,7658,0.9864,0,1,1,8859,57,9999,0
postcss,postcss,postcss,57,75,3.04,30,4,87.09,31,1,6.34,35,5.25,5.26,255781114,0.8659,0,1,1,28969,3,6,1
@typescript-eslint/typescript-estree,typescript-eslint,typescript-eslint,137,598,0.9164,30,19,16.25,303,1,13.98,0,1.0,1.73,158296110,0.8962,0,1,1,16281,60,0,1
@babel/parser,babel,babel,128,486,1.0535,30,10,37.54,753,1,0.0,7,11.25,7.79,195940381,0.8894,0,1,1,44008,165,1,1
htmlparser2,fb55,htmlparser2,15,155,0.3871,30,2,51.46,3,1,0.0,94,200.75,173.92,95692738,0.8419,0,1,1,4772,1,0,1
espree,eslint,espree,26,116,0.8966,30,5,55.05,9,1,0.0,108,67.25,54.04,150272036,0.9274,0,1,1,2381,2,5,1
parse5,inikulin,parse5,61,236,1.0339,30,4,60.77,36,1,0.0,64,138.25,101.18,140351458,0.8819,0,1,1,3904,7,0,1
flatted,WebReflection,flatted,5,31,0.6452,12,2,84.83,3,1,6.65,98,97.5,160.82,133844122,0.8946,0,1,1,1147,3,74,1
yaml,eemeli,yaml,15,92,0.6522,30,1,96.72,36,1,0.0,43,12.25,16.92,173619408,0.8641,0,1,1,1674,8,52,1
markdown-it,markdown-it,markdown-it,52,55,3.7818,30,9,62.24,23,1,0.0,30,242.0,261.23,26567192,0.8672,0,1,1,21608,6,5,1
@webassemblyjs/wasm-parser,xtuc,webassemblyjs,0,0,0.0,30,0,83.31,83,1,0.0,593,136.5,138.73,43764869,0.8832,0,1,1,831,14,9999,0
regexpp,mysticatea,regexpp,0,0,0.0,4,0,94.0,12,0,0.18,1835,271.0,123.67,13728692,0.856,0,1,1,157,5,9999,0
colord,omgovich,colord,3,3,4.0,11,2,78.38,34,1,0.0,1413,79.75,92.53,18458858,0.8949,0,1,1,1874,9,31,1
json-parse-better-errors,zkat,json-parse-better-errors,0,0,0.0,2,0,87.5,5,0,2.51,3007,9999,9999,21423517,0.851,0,1,1,70,3,9999,0
fraction.js,infusion,Fraction.js,0,9,0.0,11,0,91.96,5,0,35.52,305,1.0,1.73,57230548,0.974,0,1,1,687,3,9999,0
esprima,jquery,esprima,0,0,0.0,30,0,85.25,150,0,0.0,2902,154.25,151.91,105420991,0.8888,0,1,1,7139,10,9999,0
json-parse-even-better-errors,npm,json-parse-even-better-errors,9,23,1.5652,9,4,34.26,1,1,0.0,45,222.75,112.44,101284199,0.9293,0,1,1,27,0,5,1
cheerio,cheeriojs,cheerio,110,507,0.8679,30,5,65.09,50,1,0.0,150,132.75,120.08,37971364,0.8945,0,1,1,30387,24,0,1
ua-parser-js,faisalman,ua-parser-js,30,145,0.8276,30,3,90.53,16,1,0.0,33,55.5,32.33,29299971,0.8998,0,1,1,10146,2,10,1
lines-and-columns,eventualbuddha,lines-and-columns,0,0,0.0,1,0,100.0,10,0,0.0,959,178.5,308.59,128274159,0.8967,0,1,1,26,10,9999,0
url-parse,unshiftio,url-parse,0,0,0.0,16,0,43.43,16,0,838.74,1582,1.5,1.12,38915961,0.9622,0,1,1,1035,1,9999,0
bson,mongodb,js-bson,14,55,1.0182,30,7,39.66,8,1,0.0,5,55.5,52.06,14713364,0.8684,0,1,1,1215,8,0,1
sanitize-html,apostrophecms,sanitize-html,0,6,0.0,30,0,26.19,18,0,25.78,12,20.25,9.04,9947539,0.8759,0,1,1,4129,2,9999,0
url-parse-lax,sindresorhus,url-parse-lax,0,3,0.0,4,0,86.96,0,0,2264.3,288,720.0,526.54,8314946,0.8806,0,1,1,55,0,9999,0
dns-txt,watson,dns-txt,0,0,0.0,1,0,100.0,2,0,0.0,3712,9999,9999,2590521,0.8383,0,1,1,25,2,9999,0
parse-filepath,jonschlinkert,parse-filepath,0,0,0.0,4,0,71.74,1,0,1.82,3107,220.0,256.12,11197035,0.9028,0,1,1,31,0,9999,0
less,less,less.js,16,71,0.9014,30,7,54.65,187,1,0.0,0,25.5,38.51,11379850,0.8812,0,1,1,17030,4,0,1
regex-parser,IonicaBizau,regex-parser.js,0,0,0.0,4,0,92.31,0,0,0.0,494,639.0,359.27,10124668,0.8853,0,1,1,32,0,9999,0
svg-parser,Rich-Harris,svg-parser,0,0,0.0,3,0,56.41,30,0,0.65,2306,58.25,68.95,15058748,0.8976,0,1,0,211,6,9999,0
postcss-scss,postcss,postcss-scss,1,1,4.0,15,1,88.24,3,1,2.86,998,94.25,99.15,7295075,0.9537,0,1,1,673,0,59,0
acorn-node,browserify,acorn-node,0,0,0.0,2,0,96.12,5,0,0.0,2214,72.5,80.35,3138440,0.9463,0,1,1,13,2,9999,0
chevrotain,Chevrotain,chevrotain,7,85,0.3294,30,1,74.16,31,1,14.94,101,16.75,11.65,9234257,0.9206,0,1,1,2780,13,58,1
postcss-safe-parser,postcss,postcss-safe-parser,1,1,4.0,6,1,83.91,1,0,0.0,627,369.25,303.06,13826231,0.926,0,1,1,126,0,62,0
error-stack-parser,stacktracejs,error-stack-parser,0,0,0.0,14,0,67.22,23,0,0.41,1477,0.0,0.0,25366804,0.887,0,1,1,486,9,9999,0
set-cookie-parser,nfriedly,set-cookie-parser,3,41,0.2927,17,2,76.88,1,1,1582.91,94,128.5,143.05,42583588,0.8794,0,1,1,197,0,89,1
snapdragon-node,here-be,snapdragon-node,0,0,0.0,1,0,100.0,0,0,0.0,2768,142.5,216.76,10411465,0.8903,0,1,1,27,0,9999,0
snapdragon-util,here-be,snapdragon-util,0,0,0.0,2,0,96.15,1,0,0.0,3085,63.25,45.66,10412765,0.8904,0,1,1,19,1,9999,0
strtok3,Borewit,strtok3,0,31,0.0,6,0,46.02,8,1,0.0,93,71.25,97.22,27677276,0.8639,0,1,1,50,7,9999,0
postgres-bytea,bendrucker,postgres-bytea,0,0,0.0,5,0,52.38,0,0,3.59,188,9999,9999,45393153,0.9034,0,1,1,13,0,9999,0
csv-parse,adaltas,node-csv,22,77,1.1429,30,5,96.04,48,1,0.0,8,84.25,97.59,15554673,0.9212,0,1,1,4268,3,3,1
fabric,fabricjs,fabric.js,48,183,1.0492,30,8,41.27,464,1,0.0,35,36.25,19.7,872203,0.8964,0,1,1,31251,36,14,1
conventional-commits-parser,conventional-changelog,conventional-changelog,22,59,1.4915,30,6,56.26,252,1,0.0,86,100.75,43.36,15985896,0.8858,0,1,1,8466,32,0,1
babylon,babel,babylon,0,0,0.0,30,0,28.08,2,0,0.0,2961,10.25,10.26,5628835,0.8699,0,1,1,1708,1,9999,0
stylus,stylus,stylus,0,0,0.0,30,0,65.94,281,1,15.68,611,104.0,79.63,2885112,0.9269,0,1,1,11323,24,9999,0
postcss-values-parser,shellscape,postcss-values-parser,2,8,1.0,23,1,66.67,2,1,0.18,36,420.0,509.27,6673068,0.8894,0,1,1,62,1,36,1
papaparse,mholt,PapaParse,1,6,0.6667,30,1,65.26,215,1,0.0,4,131.0,158.13,12111026,0.8735,0,1,1,13502,25,4,1
fast-url-parser,petkaantonov,urlparser,0,0,0.0,5,0,80.0,3,0,3031.09,4167,8.0,8.0,3342648,0.8712,0,1,1,220,2,9999,0
git-up,IonicaBizau,git-up,0,0,0.0,5,0,92.05,4,0,0.0,438,36.75,36.22,5655039,0.8996,0,1,1,16,2,9999,0
posthtml,posthtml,posthtml,0,8,0.0,30,0,41.13,18,0,0.0,252,384.25,291.77,1873701,0.8329,0,1,1,2958,3,9999,0
postgres-interval,bendrucker,postgres-interval,0,1,0.0,16,0,58.62,0,0,22.1,875,317.5,210.55,45522509,0.904,0,1,1,38,0,9999,0
ret,fent,ret.js,0,0,0.0,7,0,89.52,7,0,0.0,1194,190.75,178.54,30383899,0.8863,0,1,1,98,4,9999,0
messageformat-parser,messageformat,messageformat,33,60,2.2,30,1,84.93,16,1,0.0,2263,123.0,84.92,358237,1.0127,0,1,1,1763,3,58,1
is-ssh,IonicaBizau,node-is-ssh,0,0,0.0,2,0,87.1,2,0,0.0,494,557.75,257.39,5635664,0.8211,0,1,1,8,1,9999,0
postgres-date,bendrucker,postgres-date,0,3,0.0,9,0,56.9,1,0,387.07,1657,122.0,95.77,45256439,0.8993,0,1,1,18,1,9999,0
meriyah,meriyah,meriyah,4,72,0.2222,22,2,41.28,22,1,0.0,138,56.5,58.44,2401828,0.6574,0,1,1,1206,1,22,1
postgres-array,bendrucker,postgres-array,0,0,0.0,9,0,65.79,1,0,0.09,473,396.75,397.64,48727124,0.8851,0,1,1,23,0,9999,0
stream-json,uhop,stream-json,85,122,2.7869,8,2,97.37,2,1,0.0,15,3.75,3.27,7835230,0.8788,0,1,1,1192,2,15,1
svg-pathdata,nfroidure,svg-pathdata,2,2,4.0,10,1,48.81,7,0,0.0,88,143.5,106.06,11640435,0.8844,0,1,1,212,1,88,1
comment-parser,yavorskiy,comment-parser,10,32,1.25,20,3,71.97,15,1,85.11,31,31.0,29.25,10655875,0.8736,0,1,1,259,0,31,1
bowser,lancedikson,bowser,1,41,0.0976,30,1,61.19,94,1,4.87,134,42.0,40.23,44023656,0.8691,0,1,1,5739,18,73,1
postcss-less,shellscape,postcss-less,0,0,0.0,19,0,47.43,12,1,819.72,1628,256.25,189.83,1842203,0.8002,0,1,1,124,1,9999,0
css,reworkcss,css,2,2,4.0,23,1,30.71,55,1,4231.37,2182,460.0,422.25,4639515,0.8852,0,1,1,1647,0,19,0
@xmldom/xmldom,xmldom,xmldom,89,123,2.8943,30,5,51.42,61,1,0.0,66,60.75,94.57,37102537,0.8734,0,1,1,457,22,28,1
croner,hexagon,croner,0,71,0.0,20,0,87.71,6,1,0.0,18,30.25,42.07,8269536,0.7707,0,1,1,2562,2,9999,0
asn1js,PeculiarVentures,asn1.js,44,62,2.8387,13,3,36.97,20,1,0.0,64,357.5,405.99,13114672,0.8577,0,1,1,294,0,5,1
vizion,keymetrics,vizion,0,0,0.0,13,0,50.88,15,0,0.0,1971,230.5,260.29,2118004,0.8164,0,1,1,39,7,9999,0
jsdoc-type-pratt-parser,jsdoc-type-pratt-parser,jsdoc-type-pratt-parser,7,147,0.1905,5,4,54.34,7,1,0.0,83,35.75,29.44,11018179,0.8951,0,1,1,26,2,82,1
mathjs,josdejong,mathjs,5,124,0.1613,30,2,72.32,187,1,0.0,77,44.75,36.09,3076424,0.8786,0,1,1,15038,50,68,1
co-body,cojs,co-body,0,0,0.0,15,0,29.73,10,1,0.0,748,657.0,494.42,2105848,0.8834,0,1,1,325,3,9999,0
issue-parser,pvdlg,issue-parser,13,40,1.3,9,4,56.14,10,1,0.0,52,598.75,591.15,3361731,0.9028,0,1,1,22,7,4,1
ts-node,TypeStrong,ts-node,0,0,0.0,30,0,51.32,231,1,0.0,928,130.5,191.18,46341313,0.8945,0,1,1,13136,34,9999,0
vue-template-compiler,vuejs,vue,0,0,0.0,30,0,81.69,635,1,0.0,912,101.75,142.43,2688861,0.9076,0,1,1,209977,270,9999,0
tslib,Microsoft,tslib,0,1,0.0,30,0,28.67,59,1,0.0,599,109.5,107.15,391578055,0.9063,0,1,1,1338,23,9999,0
solid-js,solidjs,solid,32,72,1.7778,30,5,84.72,74,1,0.36,34,1.5,1.5,3026061,0.8224,0,1,1,35661,16,35,1
tsconfig,TypeStrong,tsconfig,0,0,0.0,3,0,73.56,5,0,0.0,3220,100.0,101.65,3682840,0.8766,0,1,1,109,2,9999,0
coffeescript,jashkenas,coffeescript,0,0,0.0,30,0,55.2,97,1,5.25,1521,210.5,234.68,1614940,0.9065,0,1,1,16598,22,9999,0
windicss,windicss,windicss,0,0,0.0,30,0,73.17,224,1,0.0,1454,12.25,13.79,54992,0.8044,0,1,1,6515,4,9999,0
assemblyscript,AssemblyScript,assemblyscript,15,36,1.6667,30,4,59.63,202,1,0.0,11,12.5,12.74,115871,0.9078,0,1,1,17932,21,11,1
typescript-narrowany,Microsoft,TypeScript,24,246,0.3902,30,11,13.51,5048,1,0.0,3607,9999,9999,8,0.664,0,1,1,109370,27,0,1
dfa,devongovett,dfa,0,0,0.0,2,0,93.75,4,0,0.0,2563,9999,9999,10680913,0.7973,0,1,0,62,0,9999,0
@hippy/vue,Tencent,Hippy,5,148,0.1351,30,2,16.31,19,1,0.0,491,59.75,28.26,238,1.408,0,1,1,8535,10,8,1
nearley,hardmath123,nearley,0,0,0.0,30,0,51.7,198,1,0.0,2024,18.5,25.2,6253916,0.8938,0,1,1,3740,31,9999,0
google-closure-compiler-java,google,closure-compiler-npm,0,34,0.0,30,0,68.35,0,0,1976.61,0,1.0,1.22,114805,0.9053,0,1,1,334,0,9999,0
node-elm-compiler,rtfeldman,node-elm-compiler,0,0,0.0,22,0,23.76,15,0,16.78,1901,192.75,137.52,28164,0.8532,0,1,1,175,9,9999,0
windicss-with-web-api,voorjaar,windicss,0,0,0.0,30,0,73.17,224,1,0.0,1754,0.75,1.3,66,1.7321,0,1,1,6515,4,9999,0
@vue/component-compiler-utils,vuejs,component-compiler-utils,0,0,0.0,24,0,40.46,46,0,87.26,1701,141.0,114.02,1371771,0.8786,0,1,0,323,22,9999,0
async-to-gen,leebyron,async-to-gen,0,0,0.0,5,0,96.19,0,0,4380.62,3049,108.25,110.18,39959,0.8961,0,1,1,508,0,9999,0
@gaearon/google-closure-compiler-js,google,closure-compiler-js,0,0,0.0,14,0,67.21,0,0,2.69,3149,9999,9999,169,0.7557,0,1,1,1834,0,9999,0
bytenode,bytenode,bytenode,10,10,4.0,12,3,62.1,25,1,0.84,1,208.5,214.1,37290,0.8856,0,1,1,2957,4,1,1
llparse,nodejs,llparse,0,4,0.0,11,0,91.14,20,1,0.0,128,487.25,557.49,1953,0.9822,0,1,1,624,7,9999,0
htmljs-parser,marko-js,htmljs-parser,5,38,0.5263,12,2,48.82,7,1,0.0,2,31.75,45.48,25556,0.9536,0,1,1,144,2,2,1
regx,shannonmoeller,regx,0,0,0.0,1,0,100.0,0,0,671.94,3791,0.25,0.43,107359,0.7706,0,1,1,33,0,9999,0
haml-coffee,netzpirat,haml-coffee,3,3,4.0,30,2,23.88,6,1,2.16,4521,17.0,7.84,18922,0.8956,0,1,0,447,6,50,1
@riotjs/compiler,riot,compiler,5,38,0.5263,17,1,87.18,8,1,0.0,44,84.0,98.64,3437,1.0834,0,1,1,69,8,44,1
remix-ide,ethereum,remix-ide,87,296,1.1757,30,3,47.53,19,1,0.01,2171,39.5,30.17,442,0.9703,0,1,1,2343,3,17,1
decaffeinate-coffeescript,decaffeinate,coffeescript,0,0,0.0,30,0,62.18,0,0,0.0,1472,449.25,460.77,16312,1.1694,0,1,1,0,0,9999,0
typescript-compiler,theblacksmith,typescript-compiler,0,0,0.0,1,0,100.0,7,0,194.54,4121,26.5,32.9,66336,1.0108,0,1,1,28,0,9999,0
@microsoft/api-extractor,microsoft,rushstack,146,595,0.9815,30,18,26.09,1049,1,0.0,10,13.5,19.97,4924540,0.8873,0,1,1,6476,165,2,1
dataformsjs,dataformsjs,dataformsjs,0,4,0.0,6,0,96.38,0,0,1829.86,326,228.0,188.33,156,0.5788,0,1,1,197,0,9999,0
@cspell/cspell-tools,streetsidesoftware,cspell,117,1154,0.4055,30,8,41.24,119,1,0.0,23,28.75,20.5,837,1.1556,0,1,1,1645,11,7,1
@builder.io/mitosis,BuilderIO,mitosis,6,19,1.2632,30,2,40.6,173,1,0.0,18,80.0,80.69,8693,0.9194,0,1,1,13858,18,18,1
imba,imba,imba,172,239,2.8787,30,2,88.04,177,1,0.0,7,94.0,145.78,3814,0.7211,0,1,1,6498,22,0,1
flex-sdk,JamesMGreene,node-flex-sdk,0,0,0.0,1,0,100.0,6,0,0.0,4459,0.0,0.0,339,1.041,0,1,1,31,1,9999,0
webpack-closure-compiler,roman01la,webpack-closure-compiler,0,0,0.0,12,0,75.0,4,0,0.0,3118,100.0,54.09,2866,0.8559,0,1,1,462,1,9999,0
morph-expressions,abukurov,morph-expressions,0,0,0.0,1,0,100.0,0,0,1145.27,3289,34.5,59.18,460,0.7802,0,1,1,17,0,9999,0
svelte-windicss-preprocess,windicss,svelte-windicss-preprocess,0,0,0.0,12,0,76.41,14,0,0.0,1481,33.5,36.05,451,0.7789,0,1,1,158,5,9999,0
snapdragon-lexer,here-be,snapdragon-lexer,0,0,0.0,1,0,100.0,0,0,0.0,2772,88.0,109.48,1024,0.8336,0,1,1,23,0,9999,0
lyo,bokub,lyo,0,0,0.0,2,0,96.77,0,0,1150.09,2808,7.25,7.01,14,1.6496,0,1,1,620,0,9999,0
ohm-js,harc,ohm,10,408,0.098,30,1,67.36,47,1,0.0,91,8.25,9.91,688814,0.9626,0,1,1,5530,8,79,1
webpack-isomorphic-compiler,moxystudio,webpack-isomorphic-compiler,0,0,0.0,6,0,86.62,2,0,0.0,3031,19.0,11.05,171,1.175,0,1,1,16,0,9999,0
kurly,download,kurly,0,0,0.0,2,0,89.29,0,0,0.0,832,287.25,481.98,15349,0.7357,0,1,1,5,0,9999,0
yortus-typescript,yortus,TypeScript,0,0,0.0,30,0,16.05,0,0,0.0,3941,31.75,46.22,28,0.6763,0,1,1,2,0,9999,0
express-compiless,papandreou,express-compiless,0,0,0.0,6,0,69.6,1,0,0.0,2039,405.5,351.48,122,1.2191,0,1,1,5,0,9999,0
jacob,Canna71,Jacob,0,0,0.0,4,0,88.89,1,0,55.06,4118,45.25,67.53,9,2.0015,0,1,0,157,0,9999,0
haxe,HaxeFoundation,npm-haxe,0,0,0.0,9,0,36.0,8,0,0.0,2489,117.5,191.53,1498,0.4693,0,1,1,45,3,9999,0
remark-bemjson,bem-contrib,md-to-bemjson,0,0,0.0,4,0,72.22,14,0,6.43,2560,76.75,49.15,30,0.8314,0,1,1,7,11,9999,0
reflective-coffeescript,rev22,reflective-coffeescript,0,0,0.0,30,0,63.47,0,0,0.0,3569,112.0,121.27,1,14.0878,0,1,1,0,0,9999,0
typescript-node,blakeembrey,typescript-node,0,0,0.0,30,0,51.32,231,1,0.0,3931,1.75,1.92,1254,1.0809,0,1,1,13136,34,9999,0
vue-remove-attributes,emensch,vue-remove-attributes,0,0,0.0,3,0,54.84,11,0,0.0,2086,9999,9999,1263,0.9677,0,1,1,16,10,9999,0
webpack-isomorphic-compiler-reporter,moxystudio,webpack-isomorphic-compiler-reporter,0,0,0.0,4,0,70.37,0,0,0.0,3031,12.0,9.22,194,0.9916,0,1,1,7,0,9999,0
complex-js,patrickroberts,complex,0,0,0.0,1,0,100.0,0,0,0.0,1624,170.0,287.53,143,2.3482,0,1,1,3,0,9999,0
webpack-sane-compiler,moxystudio,webpack-sane-compiler,0,0,0.0,5,0,73.68,1,0,0.0,3031,7.5,12.42,169,1.2026,0,1,1,7,0,9999,0
indicative-compiler,poppinss,indicative-compiler,0,0,0.0,2,0,96.92,1,0,0.0,2371,4.0,5.83,3843,1.333,0,1,1,3,1,9999,0
webpack-sane-compiler-reporter,moxystudio,webpack-sane-compiler-reporter,0,0,0.0,4,0,70.31,0,0,0.0,3032,18.25,19.0,173,1.0466,0,1,1,4,0,9999,0
wxss-transpiler,IOriens,wxss-transpiler,0,0,0.0,2,0,95.65,0,0,0.0,3077,9.0,9.03,42,2.15,0,1,0,19,0,9999,0
webpack-sane-compiler-notifier,moxystudio,webpack-sane-compiler-notifier,0,0,0.0,4,0,66.67,0,0,0.0,2889,55.25,69.98,167,1.033,0,1,1,4,0,9999,0
eval-estree-expression,jonschlinkert,eval-estree-expression,3,10,1.2,4,1,94.92,1,1,76.54,13,63.0,77.57,224002,0.9268,0,1,1,68,1,13,1
@swc/cli,swc-project,cli,0,0,0.0,27,0,72.97,33,0,0.06,83,66.0,34.77,4259544,0.8481,0,1,0,133,8,9999,0
json-pipeline,indutny,json-pipeline,0,0,0.0,1,0,100.0,1,0,118.78,3901,2.0,2.92,102,0.7359,0,1,0,31,1,9999,0
node-minify,srod,node-minify,0,634,0.0,30,0,47.37,1,1,0.0,2798,6.75,9.52,12656,0.9077,0,1,1,519,0,9999,0
snapdragon-token,here-be,snapdragon-token,0,0,0.0,1,0,100.0,0,0,0.0,2980,36.0,49.76,46,0.6477,0,1,1,2,0,9999,0
gulp-tsc,kant2002,gulp-tsc,0,0,0.0,15,0,46.88,5,0,70.91,3371,36.5,26.73,782,1.0511,0,1,1,16,0,9999,0
bebop-tools,RainwayApp,bebop,0,54,0.0,27,0,62.15,29,0,288.98,280,82.5,127.48,2592,0.8881,0,1,1,2162,2,9999,0
rollup,rollup,rollup,89,343,1.0379,30,17,46.82,601,1,0.0,4,4.25,3.49,125413216,0.907,0,1,1,26288,18,4,1
@expo/dev-server,expo,expo-cli,0,0,0.0,30,0,26.1,0,0,53.22,1023,16.0,12.9,112084,0.993,0,1,0,2666,0,9999,0
@netlify/zip-it-and-ship-it,netlify,zip-it-and-ship-it,0,0,0.0,30,0,42.75,45,0,0.0,4,6.0,6.16,551722,0.9382,0,1,1,315,11,9999,0
mdx-bundler,kentcdodds,mdx-bundler,1,4,1.0,28,1,37.07,77,1,0.0,474,117.75,55.91,152796,0.9439,0,1,1,1899,3,41,0
@blackglory/electron-packager,electron,electron-packager,29,99,1.1717,30,5,56.1,46,1,0.0,921,186.0,322.16,12,0.9238,0,1,1,299,2,0,1
rollup-plugin-sizes,tivac,rollup-plugin-sizes,0,0,0.0,13,0,40.5,5,0,0.0,527,408.0,166.61,10596,0.8686,0,1,1,90,5,9999,0
@vuepress/bundler-vite,vuepress,vuepress-next,26,69,1.5072,30,4,88.45,21,1,0.0,40,52.75,54.94,37147,0.9063,0,1,1,2820,8,19,1
@wpackio/babel-preset-base,swashata,wp-webpack-script,0,0,0.0,6,0,61.57,48,0,2953.52,1792,22.75,25.57,83,0.9989,0,1,1,412,16,9999,0
serverless-esbuild,floydspace,serverless-esbuild,4,17,0.9412,30,4,50.3,103,1,22.48,33,45.75,42.72,507796,0.9133,0,1,1,469,11,26,1
babel-plugin-css-in-js,martinandert,babel-plugin-css-in-js,0,0,0.0,4,0,83.33,6,0,59.61,3439,37.5,43.08,117,1.0639,0,1,1,295,0,9999,0
serverless-ruby-layer,navarasu,serverless-ruby-layer,0,0,0.0,4,0,78.26,8,0,0.0,989,289.25,158.06,307,0.8433,0,1,1,72,2,9999,0
grunt-rollup,chrisprice,grunt-rollup,0,0,0.0,14,0,38.64,7,0,0.0,1511,151.75,87.06,45317,0.9096,0,1,1,21,6,9999,0
asbundle,WebReflection,asbundle,0,0,0.0,4,0,82.83,3,0,1.37,2112,258.75,272.34,3,8.776,0,1,1,80,1,9999,0
@beemo/driver-webpack,beemojs,beemo,0,0,0.0,6,0,98.4,10,0,32.32,1575,41.5,17.92,254,1.7457,0,1,1,143,1,9999,0
@midwayjs/hooks-bundler,midwayjs,hooks,0,0,0.0,15,0,78.01,12,0,0.0,1190,10.0,14.58,32,1.5084,0,1,1,687,5,9999,0
@rockpack/starter,AlexSergey,rockpack,47,76,2.4737,6,1,97.12,0,0,0.0,33,0.75,0.83,1778,0.2846,0,1,1,1264,0,27,1
redux-bundler-async-resources,abuinitski,redux-bundler-async-resources,0,0,0.0,2,0,96.43,19,0,0.0,2252,15.5,21.75,1507,0.6473,0,1,0,8,19,9999,0
parcel-plugin-obfuscate,jabuco,parcel-plugin-obfuscate,0,0,0.0,5,0,53.33,2,0,0.0,1939,9999,9999,2,11.6628,0,1,1,14,2,9999,0
nunjucks-parser,chocolateboy,nunjucks-parser,0,0,0.0,1,0,100.0,6,0,0.0,2180,161.0,160.74,82,1.4082,0,1,1,3,6,9999,0
buddy,popeindustries,buddy,0,0,0.0,3,0,96.3,11,0,1.5,3148,17.25,20.02,3012,0.7921,0,1,1,51,0,9999,0
pundle,steelbrain,pundle,0,0,0.0,2,0,99.83,6,0,365.25,3289,1.25,1.64,129,0.6552,0,1,0,357,0,9999,0
@bahmutov/parcel-json-server,bahmutov,parcel-json-server,0,1,0.0,3,0,68.24,5,1,0.0,1186,83.5,140.61,23,1.0242,0,1,0,6,4,9999,0
gulp-locales-bundler,loginov-rocks,gulp-locales-bundler,0,0,0.0,6,0,58.09,0,0,0.0,1994,183.75,169.56,10,2.1016,0,1,1,1,0,9999,0
@chialab/rna-bundler,chialab,rna,38,141,1.078,8,4,93.62,13,1,0.0,118,154.75,98.0,1254,0.6284,0,1,1,183,2,-1,1
parcel-transformer-markdown,jaywcjlove,parcel-plugin-markdown-string,4,4,4.0,4,1,90.77,5,0,0.0,939,159.75,81.11,54,1.2146,0,1,1,21,3,61,1
systemjs-route-bundler,Swimlane,systemjs-route-bundler,0,0,0.0,4,0,46.3,10,0,5.52,3738,44.5,44.3,27,0.556,0,1,1,40,0,9999,0
packback,rasshofer,packback,0,0,0.0,1,0,100.0,0,0,0.0,3015,9999,9999,73,0.8004,0,1,1,0,0,9999,0
pundle-generator,motion,pundle,0,0,0.0,2,0,99.83,6,0,365.25,3479,11.5,16.13,6,2.4249,0,1,0,357,0,9999,0
garnish,mattdesl,garnish,0,0,0.0,2,0,76.4,0,0,8752.2,3729,28.5,33.83,24379,0.8601,0,1,1,83,0,9999,0
bundled-gem-spawn,shinnn,bundled-gem-spawn,0,0,0.0,1,0,100.0,0,0,0.0,3676,9999,9999,5,1.8938,0,1,1,0,0,9999,0
webpack-plugin-typescript-declaration-bundler,Bartekus,webpack-plugin-typescript-declaration-bundler,0,0,0.0,1,0,100.0,0,0,0.0,2754,0.25,0.43,26,0.4797,0,1,1,0,0,9999,0
aws-lambda-nodejs-esbuild,floydspace,aws-lambda-nodejs-esbuild,0,0,0.0,3,0,92.59,3,0,988.33,1800,63.5,88.95,20,2.194,0,1,1,69,0,9999,0
bit-bundler,MiguelCastillo,bit-bundler,0,0,0.0,3,0,95.4,13,0,8550.18,3069,5.0,5.0,95,0.7974,0,1,1,13,6,9999,0
react-native-esbuild,oblador,react-native-esbuild,0,0,0.0,2,0,97.5,2,0,18.82,1078,95.5,44.17,7,1.9466,0,1,1,596,0,9999,0
@ewanmellor/parcel-plugin-bundle-visualiser,ewanmellor,parcel-plugin-bundle-visualiser,0,0,0.0,8,0,71.7,0,0,0.0,1549,9999,9999,7,0.8908,0,1,1,0,0,9999,0
pakit,MiguelCastillo,pakit,0,0,0.0,2,0,96.61,4,0,0.0,1519,387.25,421.12,13,3.251,0,1,1,5,0,9999,0
lumpy,lmammino,lumpy,0,0,0.0,1,0,100.0,0,0,0.0,3017,0.25,0.43,5,1.8014,0,1,1,4,0,9999,0
passing-notes-ui,vinsonchuong,passing-notes-ui,0,0,0.0,1,0,100.0,0,0,0.0,527,129.25,143.77,1738,0.4782,0,1,1,0,0,9999,0
browserify-dev-bundler,selfcontained,browserify-dev-bundler,0,0,0.0,1,0,100.0,0,0,70.89,4210,51.25,47.63,2,7.7367,0,1,1,4,0,9999,0
@comandeer/rollup-lib-bundler,Comandeer,rollup-lib-bundler,0,0,0.0,4,0,90.25,4,0,664.22,443,84.5,54.17,75,1.4072,0,1,1,17,1,9999,0
instapack,ryanelian,instapack,0,0,0.0,4,0,96.78,0,0,0.0,1903,39.75,56.91,284,0.6229,0,1,1,144,0,9999,0
dets,FlorianRappl,dets,8,12,2.6667,6,2,89.46,2,1,0.0,9,92.75,140.23,18659,0.7453,0,1,1,32,0,9,1
sass-include-paths,strarsis,sass-include-paths,0,0,0.0,2,0,99.0,3,0,22.41,3536,10.75,16.39,68,0.8932,0,1,1,12,0,9999,0
create-mithril-app,highmountaintea,create-mithril-app,0,0,0.0,1,0,100.0,10,0,0.0,1752,0.25,0.43,6,4.6959,0,1,0,23,10,9999,0
@mrgrain/cdk-esbuild,mrgrain,cdk-esbuild,55,274,0.8029,8,3,60.82,6,1,0.0,142,7.25,4.71,74933,0.7866,0,1,1,138,1,1,1
@gluons/vue-pack-cli,gluons,vue-pack,0,0,0.0,5,0,49.77,17,0,0.0,2313,77.5,54.98,82,0.8506,0,1,1,2,14,9999,0
jnpkg,jl917,jnpkg,0,0,0.0,4,0,72.57,9,0,0.0,1395,61.75,94.14,1,24.0185,0,1,1,0,9,9999,0
get-xml,scienceai,get-xml,0,0,0.0,1,0,100.0,0,0,0.0,3519,9999,9999,11,0.9028,0,1,1,2,0,9999,0
bundt,lukeed,bundt,0,0,0.0,5,0,95.51,0,0,2.51,1509,10.5,13.5,1538,1.302,0,1,1,169,0,9999,0
filtered-json-loader,marcospont,filtered-json-loader,0,0,0.0,1,0,100.0,0,0,0.0,1891,54.5,94.4,2,3.4642,0,1,1,1,0,9999,0
@chickendinosaur/fuse-box-web-index-plugin,chickendinosaur,storex,0,0,0.0,1,0,100.0,0,0,0.0,2912,0.0,0.0,21,0.6818,0,1,1,1,0,9999,0
cjsc,dsheiko,cjsc,1,1,4.0,4,1,98.15,0,0,0.0,13,963.75,1395.28,93,4.2117,0,1,0,30,0,13,1
babel-plugin-static-fs,Jam3,babel-plugin-static-fs,0,0,0.0,3,0,86.21,8,0,0.0,2529,45.75,79.24,5108,1.2021,0,1,1,35,1,9999,0
vue-webpack,xpepermint,vue-webpack,0,0,0.0,1,0,100.0,5,0,0.0,3494,1.0,1.73,43,0.6875,0,1,0,8,5,9999,0
crushinator,lazojs,crushinator,0,0,0.0,1,0,100.0,0,0,0.0,3751,95.25,109.17,10,1.5242,0,1,1,0,0,9999,0
@externs/nodejs,externs,nodejs,0,0,0.0,2,0,95.12,0,0,0.0,2411,9999,9999,2102,1.2238,0,1,1,3,0,9999,0
@best-shot/core,best-shot,best-shot,7,56,0.5,6,2,69.88,2,1,0.0,42,22.0,12.19,329,0.8396,0,1,1,4,1,3,1
webant,theakman2,node-modules-webant,0,0,0.0,1,0,100.0,0,0,0.0,3905,132.75,193.72,61,0.9654,0,1,1,1,0,9999,0
tsbunch,Zweihander-Main,TSBunch,0,0,0.0,8,0,71.21,1,0,0.0,697,93.0,57.18,26,0.6218,0,1,1,4,1,9999,0
@fransvilhelm/wp-bundler,adambrgmn,wp-bundler,0,2,0.0,2,0,82.72,0,0,0.0,216,244.75,400.04,58,0.5654,0,1,1,16,0,9999,0
slinkity,slinkity,slinkity,0,0,0.0,21,0,86.9,12,0,0.0,1260,66.75,98.01,41,1.7293,0,1,1,468,0,9999,0
depack,dpck,depack,0,0,0.0,2,0,93.68,0,0,250.79,2309,25.0,17.49,33,0.8538,0,1,1,3,0,9999,0
@nuintun/bundler,nuintun,bundler,16,45,1.4222,3,1,97.44,0,0,0.0,137,37.0,24.34,25,2.4111,0,1,1,1,0,32,1
aurelia-deps-finder,dumberjs,aurelia-deps-finder,0,0,0.0,1,0,100.0,0,0,1879.34,990,302.5,149.65,477,0.6372,0,1,1,2,0,9999,0
rollup-legacy,Mactaivsh,rollup-legacy,0,0,0.0,30,0,53.29,0,0,0.0,546,9999,9999,4,0.6928,0,1,1,1,0,9999,0
threejs-tree-shake,mattdesl,threejs-tree-shake,0,0,0.0,1,0,100.0,1,0,0.0,3080,9999,9999,7,0.8578,0,1,1,65,0,9999,0
@typhonjs-fvtt/fvttdev,typhonjs-fvtt,fvttdev,0,0,0.0,1,0,100.0,0,0,0.0,1845,8.0,10.68,20,0.8891,0,1,1,0,0,9999,0
gulp-dumber,dumberjs,gulp-dumber,0,0,0.0,1,0,100.0,0,0,0.0,644,446.0,382.22,486,0.5717,0,1,1,1,0,9999,0
@depack/nodejs,dpck,nodejs,0,0,0.0,1,0,100.0,0,0,0.0,2520,27.25,39.97,42,0.6763,0,1,1,1,0,9999,0
@americanexpress/one-app-bundler,americanexpress,one-app-cli,0,0,0.0,29,0,28.49,0,0,0.0,776,23.25,17.34,49,1.692,0,1,1,36,0,9999,0
rollup-plugin-app-utils,Autodesk,rollup-plugin-app-utils,0,0,0.0,1,0,100.0,0,0,0.0,2224,53.0,61.0,172,0.952,0,1,1,1,0,9999,0
haya,egoist,haya,0,0,0.0,2,0,83.64,13,0,0.0,1641,0.0,0.0,13,1.6166,0,1,1,233,10,9999,0
pridepack,LyonInc,pridepack,0,0,0.0,3,0,98.53,11,0,0.0,519,116.0,58.84,157,0.9223,0,1,1,26,5,9999,0
@gardenhq/o,gardenhq,o,0,0,0.0,1,0,100.0,0,0,0.0,3114,37.75,63.1,69,1.0242,0,1,1,20,0,9999,0
esbuild-cf-functions-plugin,BeeeQueue,esbuild-cf-functions-plugin,1,9,0.4444,4,1,68.7,9,1,0.0,493,223.75,146.81,3908,1.1054,0,1,0,22,7,21,1
publishimo,Jaid,publishimo,0,0,0.0,5,0,91.7,13,0,0.0,2545,12.5,11.35,34,1.1819,0,1,1,2,13,9999,0
eslint,eslint,eslint,158,600,1.0533,30,22,35.28,113,1,0.66,10,13.25,0.43,142964622,0.8966,0,1,1,27390,28,-1,1
stylelint,stylelint,stylelint,129,503,1.0258,30,14,26.84,130,1,0.0,17,8.25,5.49,9862071,0.8973,0,1,1,11482,2,6,1
jsx-ast-utils,jsx-eslint,jsx-ast-utils,0,3,0.0,13,0,44.59,21,0,70.42,1060,99.75,129.12,49436765,0.9246,0,1,1,163,3,9999,0
eslint-config-standard,standard,eslint-config-standard,0,2,0.0,30,0,54.4,30,1,0.0,1120,183.25,147.55,2955801,0.8937,0,1,1,2652,18,9999,0
lint-staged,okonet,lint-staged,97,274,1.4161,30,2,57.8,9,1,80.35,2,10.0,7.18,25623069,0.8825,0,1,1,14666,0,2,1
stylelint-order,hudochenkov,stylelint-order,0,18,0.0,22,0,90.1,9,1,652.44,100,82.0,102.67,2726221,0.8938,0,1,1,956,4,9999,0
eslint-webpack-plugin,webpack-contrib,eslint-webpack-plugin,5,15,1.3333,25,1,47.06,4,1,0.0,81,99.75,94.55,4575053,0.8839,0,1,1,255,1,81,1
standard,standard,standard,0,3,0.0,30,0,74.04,128,1,804.33,648,237.25,202.85,561726,0.8345,0,1,1,29434,15,9999,0
stylelint-config-prettier,prettier,stylelint-config-prettier,0,0,0.0,14,0,78.95,0,0,2.05,1228,121.25,159.65,756994,0.8738,0,1,1,371,0,9999,0
stylelint-webpack-plugin,webpack-contrib,stylelint-webpack-plugin,0,10,0.0,30,0,33.22,0,0,350.81,139,265.0,226.5,230874,0.9451,0,1,1,420,0,9999,0
stylelint-taro-rn,NervJS,taro,10,122,0.3279,30,6,17.08,1735,1,1.0,0,1.25,2.17,3506,0.6788,0,1,1,37558,103,26,1
eslint-plugin-unicorn,sindresorhus,eslint-plugin-unicorn,426,573,2.9738,30,1,49.18,10,1,0.0,4,2.25,1.64,7236722,0.8699,0,1,1,5122,0,0,1
stylelint-config-sass-guidelines,bjankord,stylelint-config-sass-guidelines,0,4,0.0,19,0,43.56,6,1,0.0,142,190.0,182.62,407237,0.9283,0,1,1,448,6,9999,0
unified-lint-rule,remarkjs,remark-lint,0,3,0.0,30,0,92.94,9,1,0.0,512,306.25,161.1,541661,0.8192,0,1,1,1038,3,9999,0
eslint-config-standard-jsx,standard,eslint-config-standard-jsx,0,0,0.0,17,0,80.41,3,0,67.53,1525,135.75,188.84,697686,0.8535,0,1,1,105,0,9999,0
@rollup/plugin-eslint,rollup,plugins,17,74,0.9189,30,6,51.15,35,1,4.15,238,252.25,279.4,27690,0.7992,0,1,1,3750,12,25,1
eslint-plugin-rxjs,cartant,eslint-plugin-rxjs,0,0,0.0,14,0,93.32,38,0,0.29,1183,112.25,180.59,243358,0.9554,0,1,1,314,7,9999,0
eslint-plugin-markdown,eslint,eslint-plugin-markdown,41,221,0.7421,30,8,26.74,13,1,0.0,711,181.0,130.02,674398,0.8684,0,1,1,572,5,5,1
codelyzer,mgechev,codelyzer,0,0,0.0,30,0,66.63,82,0,0.0,1876,93.25,77.26,534992,0.9986,0,1,1,2466,48,9999,0
eslint-config-standard-react,feross,eslint-config-standard-react,0,0,0.0,27,0,72.99,0,0,4466.26,1286,194.0,308.89,114971,0.8641,0,1,1,456,0,9999,0
stylelint-scss,stylelint-scss,stylelint-scss,51,121,1.686,30,6,38.77,113,1,0.0,20,38.75,44.7,5108374,0.9224,0,1,1,879,7,1,1
standard-engine,standard,standard-engine,0,0,0.0,30,0,71.21,15,1,0.0,1119,235.25,171.96,587605,0.8134,0,1,1,144,9,9999,0
colorguard,SlexAxton,css-colorguard,0,0,0.0,13,0,53.19,11,0,0.0,3110,203.5,234.2,38950,0.8885,0,1,0,2427,0,9999,0
eslint_d,mantoni,eslint_d.js,1,39,0.1026,30,1,69.0,20,1,0.0,94,126.25,186.1,109593,0.8325,0,1,1,1218,18,89,1
semistandard,standard,semistandard,0,0,0.0,24,0,71.58,0,0,6210.82,1120,258.75,274.37,22461,0.9101,0,1,1,1415,0,9999,0
jshint-stylish,sindresorhus,jshint-stylish,0,0,0.0,5,0,92.0,0,0,1.7,3601,111.5,53.71,121622,0.96,0,1,1,557,0,9999,0
lockfile-lint-api,lirantal,lockfile-lint,14,20,2.8,30,2,70.0,7,1,0.0,421,159.5,180.27,357927,0.9049,0,1,1,864,2,11,1
prettier-check,hexacta,prettier-check,0,0,0.0,3,0,66.67,14,0,0.0,3194,9999,9999,13652,0.9472,0,1,1,53,9,9999,0
@hint/configuration-web-recommended,webhintio,hint,0,0,0.0,30,0,34.9,523,1,0.0,662,129.5,174.26,21558,0.9673,0,1,1,3703,157,9999,0
putout,coderaiser,putout,457,3039,0.6015,23,1,99.79,0,1,65.69,0,0.25,0.43,45039,0.6853,0,1,1,794,0,0,1
@axe-core/react,dequelabs,axe-core-npm,51,125,1.632,30,7,30.34,103,1,0.0,-1,2.0,2.92,666615,0.9247,0,1,1,707,9,-1,1
eslint-config-semistandard,standard,eslint-config-semistandard,0,0,0.0,17,0,54.0,5,0,0.0,1436,274.75,140.26,84668,0.8608,0,1,1,68,5,9999,0
eslint-formatter-pretty,sindresorhus,eslint-formatter-pretty,2,5,1.6,20,2,64.2,1,1,3.89,70,279.75,210.55,765823,0.8442,0,1,1,549,0,70,1
autoprefixer,postcss,autoprefixer,12,33,1.4545,30,4,92.98,40,1,0.04,70,18.0,19.61,62800485,0.9328,0,1,1,22257,1,-1,1
postcss-loader,webpack-contrib,postcss-loader,7,23,1.2174,30,1,38.57,3,1,0.0,127,189.75,217.04,20546924,0.928,0,1,1,2844,1,45,1
css-loader,webpack-contrib,css-loader,1,15,0.2667,30,1,28.24,27,1,0.0,127,169.0,257.89,30202758,0.8866,0,1,1,4322,13,74,1
@emotion/css,emotion-js,emotion,0,7,0.0,30,0,48.4,382,1,0.0,580,130.25,156.74,4918350,0.9053,0,1,1,18017,74,9999,0
styled-components,styled-components,styled-components,120,247,1.9433,30,6,37.39,14,1,0.0,12,3.5,2.96,10953430,0.9232,0,1,1,41103,6,12,1
mini-css-extract-plugin,webpack-contrib,mini-css-extract-plugin,1,23,0.1739,30,1,40.43,34,0,19.2,89,57.75,60.39,18950162,0.8736,0,1,1,4663,4,89,1
cssesc,mathiasbynens,cssesc,0,0,0.0,4,0,84.62,11,0,0.52,2695,500.75,414.19,93264144,0.9001,0,1,1,176,5,9999,0
sass,sass,dart-sass,10,98,0.4082,30,3,82.7,71,1,0.0,11,34.75,13.31,30279337,0.8373,0,1,1,4195,10,6,1
caniuse-lite,browserslist,caniuse-lite,20,78,1.0256,13,1,48.6,8,0,1.26,12,11.25,5.45,177513239,0.8842,0,1,1,612,1,12,1
postcss-modules-local-by-default,css-modules,postcss-modules-local-by-default,0,0,0.0,21,0,28.65,5,0,0.0,559,141.5,90.74,27808441,0.8909,0,1,1,27,3,9999,0
nth-check,fb55,nth-check,53,183,1.1585,7,1,95.39,3,1,0.0,97,410.5,576.78,75005555,0.8757,0,1,1,62,3,0,1
diff,kpdecker,jsdiff,6,32,0.75,30,1,49.48,19,1,0.0,71,20.25,20.36,125280005,0.8866,0,1,1,9167,5,22,1
postcss-flexbugs-fixes,luisrudge,postcss-flexbugs-fixes,0,0,0.0,14,0,68.06,8,0,0.0,2041,72.0,72.36,5574383,0.8837,0,1,1,743,3,9999,0
icss-utils,css-modules,icss-utils,0,0,0.0,12,0,32.81,18,0,0.0,2041,157.5,188.66,26588289,0.8466,0,1,1,22,14,9999,0
css.escape,mathiasbynens,CSS.escape,0,0,0.0,4,0,87.88,5,0,0.0,3590,66.0,88.18,44831370,0.8975,0,1,1,500,1,9999,0
cssdb,csstools,cssdb,20,72,1.1111,18,2,39.88,0,1,0.0,41,29.25,28.78,7915640,0.9204,0,1,1,549,0,1,1
postcss-convert-values,cssnano,cssnano,79,124,2.5484,30,5,56.45,99,1,0.0,12,14.0,12.45,18138925,0.8806,0,1,1,4974,6,4,1
postcss-modules-values,css-modules,postcss-modules-values,0,0,0.0,16,0,52.81,14,0,12.88,2079,4.75,6.53,26170289,0.8891,0,1,1,41,12,9999,0
less-loader,webpack-contrib,less-loader,17,32,2.125,30,3,27.79,2,1,0.0,34,95.5,109.28,7771387,0.8733,0,1,1,959,2,34,1
postcss-media-minmax,postcss,postcss-media-minmax,0,0,0.0,10,0,54.0,17,0,0.0,1987,468.25,257.54,4965343,0.8684,0,1,1,302,6,9999,0
postcss-initial,maximkoretskiy,postcss-initial,0,0,0.0,9,0,67.78,11,0,0.0,1895,132.75,141.31,5138178,0.8708,0,1,1,189,1,9999,0
react-transition-group,reactjs,react-transition-group,0,0,0.0,30,0,26.55,258,0,0.0,1422,203.5,203.47,56227467,0.9136,0,1,1,10234,45,9999,0
bootstrap-vue,bootstrap-vue,bootstrap-vue,0,1,0.0,30,0,51.42,202,1,0.0,1336,169.25,189.71,253003,0.8125,0,1,1,14445,25,9999,0
postcss-import,postcss,postcss-import,1,10,0.4,30,1,35.33,9,1,49.64,371,230.25,193.03,58504771,0.9079,0,1,1,1408,5,75,1
csso,css,csso,0,0,0.0,30,0,57.82,100,0,7844.33,1412,59.0,48.08,29129290,0.886,0,1,1,3791,5,9999,0
postcss-font-variant,postcss,postcss-font-variant,0,0,0.0,8,0,53.85,11,0,0.0,1987,412.25,254.8,7782714,0.842,0,1,1,24,5,9999,0
css-declaration-sorter,Siilwyn,css-declaration-sorter,6,27,0.8889,11,3,63.16,9,1,0.0,76,229.5,183.1,16713931,0.8855,0,1,1,384,8,76,1
postcss-nested,postcss,postcss-nested,1,1,4.0,27,1,82.63,4,0,0.04,598,154.75,212.64,55105989,0.9424,0,1,1,1197,0,62,0
css-minimizer-webpack-plugin,webpack-contrib,css-minimizer-webpack-plugin,7,23,1.2174,24,2,31.64,2,1,0.0,112,89.75,110.39,9266676,0.8867,0,1,1,323,2,45,0
cropperjs,fengyuanchen,cropperjs,8,22,1.4545,30,2,95.49,42,1,143.49,78,148.75,40.68,1672998,0.8707,0,1,1,13833,1,73,1
style-value-types,Popmotion,popmotion,0,0,0.0,30,0,76.12,51,0,0.0,1408,81.5,105.32,2566216,0.8854,0,1,0,20170,9,9999,0
react-responsive,contra,react-responsive,0,0,0.0,30,0,35.95,5,0,201.3,478,205.5,151.97,1474884,0.9046,0,1,1,7171,0,9999,0
node-sass,sass,node-sass,0,0,0.0,30,0,29.99,187,0,350.17,1130,126.75,100.72,984386,0.9325,0,1,1,8464,41,9999,0
csstype,frenic,csstype,0,21,0.0,13,0,95.1,78,1,0.0,218,177.25,305.85,138087553,0.8859,0,1,1,1812,15,9999,0
camelcase-css,stevenvachon,camelcase-css,0,0,0.0,2,0,83.33,0,0,0.0,2873,9999,9999,53332586,0.9436,0,1,1,15,0,9999,0
postcss-js,postcss,postcss-js,1,39,0.1026,13,1,77.37,3,0,382.45,129,37.0,25.23,53387972,0.9054,0,1,1,670,0,62,1
postcss-page-break,shrpne,postcss-page-break,0,0,0.0,5,0,77.27,16,0,0.0,2095,1.5,2.6,7631787,0.8427,0,1,1,6,16,9999,0
postcss-replace-overflow-wrap,MattDiMu,postcss-replace-overflow-wrap,0,0,0.0,3,0,61.54,0,0,284.74,2105,9999,9999,7761525,0.886,0,1,1,9,0,9999,0
postcss-normalize,csstools,postcss-normalize,0,1,0.0,7,0,63.04,3,0,0.0,635,276.5,468.58,3500089,0.8405,0,1,1,838,0,9999,0
bootstrap-sass,twbs,bootstrap-sass,0,0,0.0,30,0,60.83,31,0,0.0,1576,510.25,486.98,379868,0.8424,0,1,1,12507,8,9999,0
react,facebook,react,93,1014,0.3669,30,32,12.46,1273,1,0.0,-1,0.75,1.3,151904905,0.869,0,1,1,246034,429,0,1
react-redux,reduxjs,react-redux,15,22,2.7273,30,2,29.78,48,1,0.0,39,212.75,191.95,29916979,0.8741,0,1,1,23473,19,10,1
react-router,remix-run,react-router,348,1273,1.0935,30,15,21.5,131,1,0.0,1,1.25,1.09,49214329,0.9133,0,1,1,56462,44,0,1
@material-ui/core,mui-org,material-ui,336,1368,0.9825,30,19,23.78,1539,1,8.16,1542,61.25,92.27,1391625,0.9023,0,1,1,98468,146,0,1
polished,styled-components,polished,0,0,0.0,30,0,43.64,33,0,0.0,872,167.0,287.52,10786760,0.8977,0,1,1,7661,12,9999,0
@mdx-js/react,mdx-js,mdx,13,30,1.7333,30,3,45.18,23,1,0.0,297,232.5,75.23,17198827,0.8994,0,1,1,19627,14,6,1
react-fast-compare,FormidableLabs,react-fast-compare,0,0,0.0,25,0,26.09,13,0,4.14,1131,275.75,430.88,23204248,0.9053,0,1,1,1668,5,9999,0
downshift,downshift-js,downshift,7,21,1.3333,30,2,56.27,59,1,0.0,19,0.75,1.3,3846031,0.878,0,1,1,12295,13,19,1
react-error-boundary,bvaughn,react-error-boundary,9,50,0.72,30,3,61.73,0,1,0.0,29,34.75,38.95,13544234,0.8972,0,1,1,7956,0,3,1
mobx-react-lite,mobxjs,mobx,52,80,2.6,30,8,72.66,66,1,111.53,269,141.25,97.19,4052024,0.9417,0,1,1,28191,17,8,1
react-popper,popperjs,react-popper,0,0,0.0,30,0,44.44,39,0,0.0,1517,107.75,167.67,5534196,0.9175,0,1,1,2489,17,9999,0
react-i18next,i18next,react-i18next,26,156,0.6667,30,3,50.15,0,1,0.0,39,6.5,3.91,13791306,0.8513,0,1,1,10012,0,12,1
react-dropzone,react-dropzone,react-dropzone,0,28,0.0,30,0,41.39,76,1,0.05,133,87.5,145.27,11610678,0.8964,0,1,1,10985,12,9999,0
@apollo/client,apollographql,apollo-client,70,438,0.6393,30,11,26.8,417,1,0.0,12,1.75,1.92,6830773,0.8929,0,1,1,19809,48,3,1
react-colorful,omgovich,react-colorful,7,7,4.0,16,3,75.6,37,1,0.0,46,407.75,559.0,5295193,0.9078,0,1,1,3520,5,46,1
@reduxjs/toolkit,reduxjs,redux-toolkit,39,182,0.8571,30,8,38.55,274,1,0.0,39,47.5,59.94,23212409,0.8696,0,1,1,11213,57,0,1
@react-spring/shared,pmndrs,react-spring,120,128,3.75,30,6,43.26,76,1,0.0,1,68.5,102.1,5956006,0.8916,0,1,1,29115,5,0,1
react-toastify,fkhadra,react-toastify,13,13,4.0,30,3,93.12,101,1,129.02,64,114.5,176.03,4048763,0.9332,0,1,1,13434,29,64,1
react-markdown,remarkjs,react-markdown,0,0,0.0,30,0,51.82,5,1,0.32,473,14.5,17.98,25984944,0.8695,0,1,1,15782,4,9999,0
react-router-config,ReactTraining,react-router,348,1273,1.0935,30,15,21.5,131,1,0.0,2460,48.5,47.46,1259326,0.7971,0,1,1,56462,44,0,1
eslint-plugin-react,jsx-eslint,eslint-plugin-react,7,14,2.0,30,3,40.58,355,1,39.58,445,45.75,26.04,50292023,0.8932,0,1,1,9287,75,43,1
@react-navigation/routers,react-navigation,react-navigation,177,645,1.0977,30,5,86.03,890,1,0.0,5,2.25,2.86,6088496,0.888,0,1,0,24480,34,0,1
swr,vercel,swr,11,48,0.9167,30,6,32.73,208,1,0.0,0,51.0,38.61,12782102,0.9146,0,1,1,32407,61,0,1
zustand,pmndrs,zustand,33,146,0.9041,30,14,42.73,5,1,1.89,26,33.5,12.76,43746284,0.8685,0,1,1,58374,3,6,1
prop-types,facebook,prop-types,0,0,0.0,30,0,34.06,59,1,18.71,1630,264.5,449.49,97014977,0.8993,0,1,1,4452,11,9999,0
react-select,JedWatson,react-select,0,2,0.0,30,0,51.25,488,1,0.0,347,60.5,39.74,8884401,0.9115,0,1,1,28036,95,9999,0
reselect,reduxjs,reselect,5,7,2.8571,30,1,31.94,47,1,0.0,38,222.75,287.81,37099538,0.8687,0,1,1,19032,16,38,1
react-intersection-observer,thebuilder,react-intersection-observer,0,16,0.0,30,0,72.67,6,1,0.0,125,97.75,81.63,4646686,0.9154,0,1,1,5538,5,9999,0
@pmmmwh/react-refresh-webpack-plugin,pmmmwh,react-refresh-webpack-plugin,38,66,2.303,30,2,67.1,49,1,0.0,209,59.75,57.61,8627587,0.8974,0,1,1,3188,9,8,1
warning,BerkeleyTrue,warning,0,0,0.0,10,0,64.79,1,0,0.0,2690,245.0,279.59,17064365,0.9024,0,1,1,222,1,9999,0
react-popper-tooltip,mohsinulhaq,react-popper-tooltip,0,0,0.0,14,0,63.35,13,1,0.0,1457,98.75,96.19,725984,0.9688,0,1,1,250,8,9999,0
framer-motion,framer,motion,198,1169,0.6775,30,3,84.25,118,1,1.27,0,24.25,25.42,39062842,0.8969,0,1,1,32481,10,-1,1
@welldone-software/why-did-you-render,welldone-software,why-did-you-render,0,2,0.0,30,0,89.63,45,1,0.0,518,97.5,99.22,829629,1.0992,0,1,1,12492,14,9999,0
react-content-loader,danilowoz,react-content-loader,0,4,0.0,30,0,76.78,21,0,0.0,151,147.5,163.9,920585,0.9163,0,1,1,13997,3,9999,0
vue,vuejs,core,94,391,0.9616,30,31,60.09,957,1,0.0,6,1.25,2.17,14119000,0.8667,0,1,1,53862,357,6,1
eslint-plugin-vue,vuejs,eslint-plugin-vue,20,251,0.3187,30,8,45.4,200,1,0.0,20,33.75,19.6,6191001,0.9015,0,1,1,4595,17,15,1
ag-grid-community,ag-grid,ag-grid,639,2539,1.0067,30,16,14.96,135,1,0.0,21,27.25,11.23,2797732,0.9013,0,1,1,15415,52,3,1
vue-chartjs,apertureless,vue-chartjs,0,2,0.0,30,0,65.57,29,0,143.7,232,256.75,101.82,889079,0.9055,0,1,1,5718,11,9999,0
element-plus,element-plus,element-plus,257,1238,0.8304,30,22,9.91,1184,1,0.29,11,20.5,5.32,667563,0.8982,0,1,1,27543,298,1,1
nuxt,nuxt,nuxt.js,297,1230,0.9659,30,17,31.15,806,1,0.0,14,5.25,6.14,1764253,0.8606,0,1,1,60526,150,0,1
vant,youzan,vant,44,143,1.2308,30,11,82.55,209,1,0.0,88,64.5,66.49,109222,0.9261,0,1,1,24328,37,8,1
sortablejs,SortableJS,Sortable,0,2,0.0,30,0,63.55,523,1,0.0,131,131.5,181.2,4138411,0.8705,0,1,1,31140,38,9999,0
@vue/composition-api,vuejs,composition-api,0,0,0.0,30,0,43.83,0,0,1720.39,1043,111.75,126.71,128556,0.8592,0,1,1,4184,0,9999,0
buefy,buefy,buefy,77,145,2.1241,30,7,44.26,80,1,299.74,14,34.75,29.52,38495,0.9216,0,1,1,9529,3,0,1
vue-inbrowser-compiler-utils,vue-styleguidist,vue-styleguidist,1,9,0.4444,30,1,76.47,98,1,0.0,1131,17.0,17.93,32679,0.8262,0,1,1,2495,19,77,1
@casl/vue,stalniy,casl,59,147,1.6054,30,5,62.29,29,1,2.63,33,206.5,278.95,79209,0.8869,0,1,1,6957,19,13,1
@testing-library/vue,testing-library,vue-testing-library,0,0,0.0,30,0,44.24,36,0,0.0,766,49.5,22.39,755535,0.8115,0,1,1,1122,7,9999,0
pinia,vuejs,pinia,24,109,0.8807,30,11,78.12,29,1,0.0,230,66.0,54.85,4359281,0.8738,0,1,1,14619,12,4,1
vue-virtual-scroll-list,tangbc,vue-virtual-scroll-list,0,0,0.0,30,0,88.6,80,0,0.0,1121,259.25,84.11,66414,0.857,0,1,1,4517,2,9999,0
naive-ui,TuSimple,naive-ui,13,290,0.1793,30,6,72.72,689,1,0.01,106,43.5,46.69,165472,0.7676,0,1,1,18393,288,-1,1
@teambit/legacy,teambit,bit,304,1071,1.1354,30,4,36.99,85,1,0.0,517,11.25,17.25,30422,0.3481,0,1,1,18413,60,-1,1
vue-class-component,vuejs,vue-class-component,0,0,0.0,30,0,59.17,101,0,0.14,2041,16.0,18.38,364477,0.9065,0,1,1,5762,31,9999,0
cube-ui,didi,cube-ui,0,5,0.0,30,0,62.55,65,0,0.2,169,167.25,166.87,1170,0.5896,0,1,1,9116,15,9999,0
@schematics/angular,angular,angular-cli,319,1665,0.7664,30,9,23.59,300,1,0.0,5,1.25,2.17,6576401,0.8739,0,1,1,27018,25,-1,1
@ngrx/store,ngrx,platform,26,183,0.5683,30,9,29.05,70,1,14.2,15,43.0,40.95,1033906,0.8841,0,1,1,8318,11,0,1
ngx-toastr,scttcper,ngx-toastr,0,25,0.0,30,0,72.45,78,0,8.99,136,4.0,5.83,632067,0.9338,0,1,1,2588,0,9999,0
@angular/flex-layout,angular,flex-layout,0,0,0.0,30,0,58.44,50,0,95.69,1245,88.5,53.9,186362,0.9339,0,1,1,5843,2,9999,0
angular-strap,mgcrea,angular-strap,0,0,0.0,30,0,74.92,0,0,6767.95,3434,74.75,47.93,18564,0.8863,0,1,1,5673,0,9999,0
@ng-select/ng-select,ng-select,ng-select,11,66,0.6667,30,5,49.49,62,1,0.14,15,15.75,13.75,570117,0.9038,0,1,1,3378,7,15,1
@auth0/angular-jwt,auth0,angular2-jwt,0,4,0.0,30,0,49.38,19,1,0.0,966,268.5,265.48,262180,0.8988,0,1,1,2628,15,9999,0
apollo-angular,kamilkisiela,apollo-angular,39,164,0.9512,30,3,39.63,20,1,0.0,14,57.25,62.67,261646,0.8556,0,1,1,1515,0,14,1
angular-imask,uNmAnNeR,imaskjs,0,0,0.0,30,0,92.96,94,0,0.27,763,25.25,9.12,112460,0.7693,0,1,1,5187,17,9999,0
ng-annotate,olov,ng-annotate,0,0,0.0,20,0,87.04,6,0,6577.59,3309,132.0,216.59,122237,0.8788,0,1,1,2006,2,9999,0
ngx-markdown,jfcere,ngx-markdown,26,52,2.0,17,3,77.04,32,1,0.0,13,46.5,15.34,392912,0.8997,0,1,1,1190,5,3,1
react-tsparticles,matteobruni,tsparticles,945,1542,2.4514,30,3,69.57,24,1,0.0,1046,16.75,14.91,36799,0.9403,0,1,1,8897,16,4,1
gridjs,grid-js,gridjs,0,3,0.0,30,0,69.33,95,1,0.0,841,102.25,144.06,58567,0.8262,0,1,1,4692,33,9999,0
@egjs/flicking,naver,egjs-flicking,0,18,0.0,27,0,51.16,3,1,2327.13,67,0.0,0.0,36410,0.983,0,1,1,2921,3,9999,0
@datorama/akita,datorama,akita,0,0,0.0,30,0,65.03,48,0,0.0,1226,109.75,146.14,61630,0.8714,0,1,1,3672,7,9999,0
ngx-mat-select-search,bithost-gmbh,ngx-mat-select-search,14,17,3.2941,30,5,69.88,20,1,0.0,40,86.75,70.73,173466,0.9098,0,1,1,682,3,2,1
angular-translate,angular-translate,angular-translate,0,0,0.0,30,0,42.64,36,0,80.14,883,369.0,290.39,96290,0.8963,0,1,1,4281,0,9999,0
angular-resizable-element,mattlewis92,angular-resizable-element,0,17,0.0,15,0,86.51,1,0,0.0,102,296.0,399.4,240443,0.9117,0,1,1,325,1,9999,0
ng-packagr,ng-packagr,ng-packagr,86,299,1.1505,30,7,40.58,15,1,0.0,12,2.0,2.92,1285051,0.8825,0,1,1,1857,2,1,1
openapi-typescript-codegen,ferdikoomen,openapi-typescript-codegen,182,403,1.8065,30,2,38.76,204,1,0.0,2,221.25,239.81,635822,0.899,0,1,1,3369,37,2,1
@angular/fire,angular,angularfire,0,1,0.0,30,0,37.5,320,1,0.0,209,43.5,70.8,205880,0.8547,0,1,1,7810,26,9999,0
@ng-bootstrap/ng-bootstrap,ng-bootstrap,ng-bootstrap,24,65,1.4769,30,1,40.38,433,1,0.0,1,88.75,78.47,740299,0.9359,0,1,1,8232,58,1,1
ngx-cookie-service,stevermeister,ngx-cookie-service,2,51,0.1569,21,1,71.84,3,1,0.0,20,54.0,45.83,541895,0.9467,0,1,1,562,3,20,1
ngx-quill,KillerCodeMonkey,ngx-quill,15,38,1.5789,30,2,42.73,2,1,0.26,1,16.0,15.15,388692,0.8903,0,1,1,1853,0,1,1
path-to-regexp,pillarjs,path-to-regexp,16,30,2.1333,30,2,87.77,10,1,0.0,82,52.25,87.63,182562824,0.8812,0,1,1,8596,6,82,1
helmet,helmetjs,helmet,18,58,1.2414,30,4,92.38,4,1,0.0,32,231.25,162.66,12862398,0.8691,0,1,1,10692,1,1,1
apollo-server-express,apollographql,apollo-server,14,92,0.6087,30,6,29.5,84,1,143.99,952,93.75,65.94,726481,0.9409,0,1,1,13946,26,39,1
graphql-ws,enisdenjo,graphql-ws,1,6,0.6667,30,1,81.19,12,1,0.0,88,14.5,25.11,11425903,0.9553,0,1,1,1867,3,88,1
connect-redis,visionmedia,connect-redis,0,1,0.0,30,0,42.28,1,0,1197.07,374,47.5,28.62,1495911,0.9005,0,1,1,2824,1,9999,0
graphql-sse,enisdenjo,graphql-sse,0,6,0.0,14,0,80.23,8,0,0.0,243,169.25,121.68,346913,0.914,0,1,1,457,0,9999,0
liquidjs,harttle,liquidjs,45,79,2.2785,30,9,63.46,20,1,0.0,0,15.75,15.02,1636871,0.9415,0,1,1,1842,5,0,1
swagger-ui-express,scottie1984,swagger-ui-express,0,0,0.0,30,0,61.83,54,0,0.0,752,116.25,124.42,4674536,0.8402,0,1,1,1494,2,9999,0
razzle-start-server-webpack-plugin,jaredpalmer,razzle,0,0,0.0,30,0,64.78,135,0,0.0,1336,69.0,57.02,9677,0.973,0,1,1,11039,36,9999,0
connect-mongo,jdesboeufs,connect-mongo,0,35,0.0,30,0,40.49,8,1,8.84,204,383.5,298.56,360850,0.6839,0,1,1,1970,0,9999,0
nocache,helmetjs,nocache,0,0,0.0,6,0,95.76,1,1,0.0,1118,176.75,153.03,3305267,0.8382,0,1,1,143,1,9999,0
bree,breejs,bree,0,20,0.0,24,0,38.27,29,1,8.79,125,17.5,13.61,41007,0.8653,0,1,1,3289,2,9999,0
express-prom-bundle,jochen-schweizer,express-prom-bundle,0,0,0.0,30,0,68.83,19,0,0.0,619,166.75,170.99,800832,0.8318,0,1,1,322,8,9999,0
@uppy/companion,transloadit,uppy,29,337,0.3442,30,5,37.37,212,1,0.0,90,41.25,42.03,44545,0.9907,0,1,1,30846,43,14,1
hsts,helmetjs,hsts,0,0,0.0,7,0,93.26,0,0,2012.52,2661,315.5,182.65,532889,0.869,0,1,1,86,0,9999,0
@nguniversal/express-engine,angular,universal,0,0,0.0,30,0,46.45,0,0,2.29,1046,10.75,15.22,41327,1.0037,0,1,1,4001,0,9999,0
exegesis-express,exegesis-js,exegesis-express,0,0,0.0,4,0,61.74,6,0,0.0,1654,324.5,265.61,1725934,0.8441,0,1,1,58,5,9999,0
express-list-endpoints,AlbertoFdzM,express-list-endpoints,0,0,0.0,5,0,86.77,8,0,0.0,579,397.25,363.26,179535,0.8529,0,1,1,183,2,9999,0
ask-sdk-express-adapter,alexa,alexa-skills-kit-sdk-for-nodejs,0,0,0.0,30,0,19.18,38,0,689.08,1177,186.25,113.08,8830,0.4444,0,1,1,3137,3,9999,0
hide-powered-by,helmetjs,hide-powered-by,0,0,0.0,2,0,97.56,0,0,1848.48,2584,9999,9999,480321,0.8043,0,1,1,36,0,9999,0
@nestjs/throttler,nestjs,throttler,55,230,0.9565,30,1,54.55,28,1,0.0,202,116.75,120.44,3118778,0.8611,0,1,1,695,15,-1,1
dont-sniff-mimetype,helmetjs,dont-sniff-mimetype,0,0,0.0,2,0,97.73,0,0,624.93,2600,9999,9999,478161,0.8506,0,1,1,18,0,9999,0
preview-email,niftylettuce,preview-email,5,9,2.2222,10,1,45.63,0,1,16.39,80,169.0,205.16,530165,0.9608,0,1,1,230,0,80,1
referrer-policy,helmetjs,referrer-policy,0,0,0.0,3,0,95.56,0,0,111.35,2608,9999,9999,472015,0.8113,0,1,1,11,0,9999,0
create-nodejs-express-app,hagopj13,node-express-boilerplate,0,0,0.0,15,0,83.05,111,0,0.0,1910,9999,9999,71,5.4842,0,1,1,7645,0,9999,0
@vendia/serverless-express,vendia,serverless-express,0,0,0.0,0,0,100.0,101,0,0.0,917,52.75,88.5,353605,0.9262,0,1,1,5266,0,9999,0
express-promise-router,express-promise-router,express-promise-router,0,0,0.0,0,0,100.0,19,0,0.0,1665,307.75,250.65,713280,0.9194,0,1,1,383,0,9999,0
sails,balderdashy,sails,0,0,0.0,0,0,100.0,589,0,0.0,26,133.75,85.74,38533,0.9123,0,1,1,22808,0,9999,0
universal-cookie-express,reactivestack,cookies,0,0,0.0,0,0,100.0,4,0,0.0,54,102.5,158.87,34763,0.9783,0,1,1,215,0,9999,0
express-cart,mrvautin,expressCart,0,0,0.0,0,0,100.0,38,0,0.0,2286,36.0,14.51,36,1.5653,0,1,1,2252,0,9999,0
express-request-id,floatdrop,express-request-id,0,0,0.0,0,0,100.0,7,0,0.0,1357,507.25,448.94,142347,0.9177,0,1,1,124,0,9999,0
graphql,graphql,graphql-js,0,0,0.0,0,0,100.0,88,0,0.0,6,3.25,2.77,41253561,0.9088,0,1,1,20412,0,9999,0
@graphql-codegen/core,dotansimha,graphql-code-generator,0,0,0.0,0,0,100.0,563,0,0.0,20,1.75,3.03,7340835,0.9623,0,1,1,11257,0,9999,0
graphql-config,kamilkisiela,graphql-config,0,0,0.0,0,0,100.0,29,0,0.0,109,1.5,2.06,8108318,0.9064,0,1,1,1198,0,9999,0
@octokit/graphql,octokit,graphql.js,0,0,0.0,0,0,100.0,16,0,0.0,235,50.75,49.2,31710030,0.8285,0,1,1,497,0,9999,0
@graphql-tools/relay-operation-optimizer,ardatan,graphql-tools,0,0,0.0,0,0,100.0,178,0,0.0,0,20.0,24.2,9800786,0.9179,0,1,1,5425,0,9999,0
amplify-codegen-appsync-model-plugin,aws-amplify,amplify-cli,0,0,0.0,0,0,100.0,866,0,0.0,1624,0.0,0.0,15833,0.9301,0,1,1,2873,0,9999,0
graphql-skip-limit,gatsbyjs,gatsby,0,0,0.0,0,0,100.0,399,0,0.0,2240,10.25,8.1,4662,0.8972,0,1,1,55941,0,9999,0
@graphql-inspector/core,kamilkisiela,graphql-inspector,0,0,0.0,0,0,100.0,137,0,0.0,53,23.25,37.44,1030859,1.0421,0,1,1,1755,0,9999,0
graphql-shield,maticzav,graphql-shield,0,0,0.0,0,0,100.0,107,0,0.0,1285,5.5,6.8,250783,0.9561,0,1,1,3575,0,9999,0
